task,weighting,metric,median,min,max
next_rating,window_equal,MAE_last_value,0.5958288385472852,0.5958288385472852,0.5958288385472852
next_rating,window_equal,MAE_ridge,0.6435988247744924,0.6422885606292144,0.6455915938136267
next_rating,window_equal,MAE_random_forest,0.6505036389055407,0.6475369745833163,0.6539790459316399
next_rating,window_equal,RMSE_last_value,0.9445237608676562,0.9445237608676562,0.9445237608676562
next_rating,window_equal,RMSE_ridge,0.9144921300149478,0.9129311944280432,0.9172878033421096
next_rating,window_equal,RMSE_random_forest,0.9168095694933948,0.9137533295118876,0.919934530355976
next_rating,window_equal,MAE_ridge_minus_last_value,0.0477699862272071,0.0464597220819291,0.0497627552663415
next_rating,window_equal,MAE_random_forest_minus_last_value,0.0546748003582555,0.051708136036031,0.0581502073843547
next_rating,window_equal,RMSE_ridge_minus_last_value,-0.0300316308527084,-0.031592566439613,-0.0272359575255466
next_rating,window_equal,RMSE_random_forest_minus_last_value,-0.0277141913742612,-0.0307704313557687,-0.0245892305116802
next_rating,person_equal,MAE_last_value,0.5832909243016947,0.5832909243016947,0.5832909243016947
next_rating,person_equal,MAE_ridge,0.6383233105024144,0.6368378925788337,0.6405119975181837
next_rating,person_equal,MAE_random_forest,0.6448131758659059,0.6413876022926305,0.648312532103623
next_rating,person_equal,RMSE_last_value,0.9352388857111176,0.9352388857111176,0.9352388857111176
next_rating,person_equal,RMSE_ridge,0.9089873811786184,0.907381406696096,0.9118471706141558
next_rating,person_equal,RMSE_random_forest,0.9099783347501736,0.9057865694567084,0.912677512255144
next_rating,person_equal,MAE_ridge_minus_last_value,0.0550323862007197,0.053546968277139,0.0572210732164889
next_rating,person_equal,MAE_random_forest_minus_last_value,0.0615222515642111,0.0580966779909357,0.0650216078019283
next_rating,person_equal,RMSE_ridge_minus_last_value,-0.026251504532499,-0.0278574790150215,-0.0233917150969618
next_rating,person_equal,RMSE_random_forest_minus_last_value,-0.0252605509609439,-0.0294523162544091,-0.0225613734559736
five_to_ten,window_equal,MAE_last_value,1.6262135922330097,1.6262135922330097,1.6262135922330097
five_to_ten,window_equal,MAE_ridge,1.3892715192520175,1.367186154596204,1.4115011024200252
five_to_ten,window_equal,MAE_random_forest,1.371911479369473,1.3406954420141566,1.4433129495719992
five_to_ten,window_equal,RMSE_last_value,2.2065656661053508,2.2065656661053508,2.2065656661053508
five_to_ten,window_equal,RMSE_ridge,1.7436585526182005,1.7099190493534335,1.7809038953305745
five_to_ten,window_equal,RMSE_random_forest,1.76012271110311,1.6997104828163083,1.846446349717342
five_to_ten,window_equal,MAE_ridge_minus_last_value,-0.2369420729809921,-0.2590274376368058,-0.2147124898129844
five_to_ten,window_equal,MAE_random_forest_minus_last_value,-0.2543021128635363,-0.2855181502188531,-0.1829006426610104
five_to_ten,window_equal,RMSE_ridge_minus_last_value,-0.4629071134871504,-0.4966466167519172,-0.4256617707747763
five_to_ten,window_equal,RMSE_random_forest_minus_last_value,-0.4464429550022406,-0.5068551832890424,-0.3601193163880087
five_to_ten,person_equal,MAE_last_value,1.6262135922330097,1.6262135922330097,1.6262135922330097
five_to_ten,person_equal,MAE_ridge,1.3892715192520175,1.367186154596204,1.4115011024200252
five_to_ten,person_equal,MAE_random_forest,1.371911479369473,1.3406954420141566,1.4433129495719992
five_to_ten,person_equal,RMSE_last_value,2.2065656661053508,2.2065656661053508,2.2065656661053508
five_to_ten,person_equal,RMSE_ridge,1.7436585526182005,1.7099190493534335,1.7809038953305745
five_to_ten,person_equal,RMSE_random_forest,1.76012271110311,1.6997104828163083,1.846446349717342
five_to_ten,person_equal,MAE_ridge_minus_last_value,-0.2369420729809921,-0.2590274376368058,-0.2147124898129844
five_to_ten,person_equal,MAE_random_forest_minus_last_value,-0.2543021128635363,-0.2855181502188531,-0.1829006426610104
five_to_ten,person_equal,RMSE_ridge_minus_last_value,-0.4629071134871504,-0.4966466167519172,-0.4256617707747763
five_to_ten,person_equal,RMSE_random_forest_minus_last_value,-0.4464429550022406,-0.5068551832890424,-0.3601193163880087
