characteristic,n,summary,missing,definition
All people,215,215,,
Numeric VAS ratings,3424,3424,,
Complete minutes 1–10,206,206 / 215,,
Complete minutes 1–20,56,56 / 215,,
Recorded sex: 女,125,125 / 215,,
Recorded sex: 男,90,90 / 215,,
Age,215,"20.00 [19.00, 21.00]",0.0,"median [Q1,Q3]; observed field only"
Height_cm,215,"166.00 [160.00, 174.50]",0.0,"median [Q1,Q3]; observed field only"
Weight_kg,215,"57.00 [52.00, 67.00]",0.0,"median [Q1,Q3]; observed field only"
BMI,215,"20.90 [18.95, 22.95]",0.0,"median [Q1,Q3]; observed field only"
People with first coded E,150,150 / 215,,
People with first coded T,9,9 / 215,,
