cell,repeat,components,mean_person_RMSE,person_constant_RMSE,paired_difference
F10,0,0,1.8631023439050691,1.2185038581989842,0.6445984857060854
F10,1,0,1.8618794924465238,1.2185038581989842,0.6433756342475397
F10,2,0,1.8681392178512628,1.2185038581989842,0.6496353596522779
F10,3,0,1.864481324937637,1.2185038581989842,0.6459774667386523
F10,4,0,1.8682383193521037,1.2185038581989844,0.6497344611531191
F10,5,0,1.8718967148289962,1.2185038581989842,0.6533928566300116
F10,6,0,1.8705099694670357,1.2185038581989842,0.6520061112680524
F10,7,0,1.8609474817542762,1.2185038581989842,0.6424436235552929
F10,8,0,1.8678142347004687,1.2185038581989844,0.6493103765014862
F10,9,0,1.8594508386526547,1.2185038581989842,0.6409469804536706
F10,10,0,1.8628685197208745,1.2185038581989842,0.6443646615218889
F10,11,0,1.861166752804818,1.2185038581989842,0.6426628946058339
F10,12,0,1.8650862904884158,1.2185038581989842,0.6465824322894319
F10,13,0,1.8705794611037097,1.2185038581989842,0.652075602904726
F10,14,0,1.8607939950563979,1.2185038581989842,0.642290136857414
F10,15,0,1.8629648362800013,1.2185038581989842,0.6444609780810175
F10,16,0,1.8654217770402952,1.2185038581989844,0.6469179188413114
F10,17,0,1.8632320239454956,1.2185038581989844,0.6447281657465121
F10,18,0,1.8701136039507154,1.2185038581989842,0.651609745751731
F10,19,0,1.865871632404401,1.218503858198984,0.6473677742054171
F10,0,1,1.1712790880486252,1.2185038581989842,-0.04722477015035914
F10,1,1,1.1690185238871695,1.2185038581989842,-0.04948533431181593
F10,2,1,1.170134275609419,1.2185038581989842,-0.048369582589564586
F10,3,1,1.161622383591612,1.2185038581989842,-0.05688147460737306
F10,4,1,1.1768174178205122,1.2185038581989844,-0.04168644037847166
F10,5,1,1.1757004388564343,1.2185038581989842,-0.04280341934255058
F10,6,1,1.1680584904522904,1.2185038581989842,-0.05044536774669435
F10,7,1,1.1692845505417193,1.2185038581989842,-0.04921930765726459
F10,8,1,1.1731535470369883,1.2185038581989844,-0.04535031116199602
F10,9,1,1.1648340540232638,1.2185038581989842,-0.053669804175720794
F10,10,1,1.1669140117522896,1.2185038581989842,-0.051589846446694176
F10,11,1,1.1638004415988175,1.2185038581989842,-0.05470341660016735
F10,12,1,1.1694855925015204,1.2185038581989842,-0.0490182656974632
F10,13,1,1.1688904346899416,1.2185038581989842,-0.04961342350904232
F10,14,1,1.1732419811968746,1.2185038581989842,-0.045261877002109624
F10,15,1,1.1627296467573895,1.2185038581989842,-0.055774211441593974
F10,16,1,1.1711590951179671,1.2185038581989844,-0.04734476308101709
F10,17,1,1.1744002522200916,1.2185038581989844,-0.04410360597889302
F10,18,1,1.1680121516131616,1.2185038581989842,-0.0504917065858228
F10,19,1,1.171285265334032,1.218503858198984,-0.04721859286495124
F10,0,2,0.6778951940910921,1.2185038581989842,-0.5406086641078917
F10,1,2,0.6736288307964914,1.2185038581989842,-0.5448750274024929
F10,2,2,0.6723791330710067,1.2185038581989842,-0.5461247251279774
F10,3,2,0.6685273134835488,1.2185038581989842,-0.5499765447154353
F10,4,2,0.6710921316766086,1.2185038581989844,-0.5474117265223754
F10,5,2,0.676110132214793,1.2185038581989842,-0.5423937259841914
F10,6,2,0.6748945101652568,1.2185038581989842,-0.5436093480337275
F10,7,2,0.6733105734349645,1.2185038581989842,-0.5451932847640193
F10,8,2,0.6765405030148417,1.2185038581989844,-0.5419633551841423
F10,9,2,0.6739294651054216,1.2185038581989842,-0.5445743930935621
F10,10,2,0.6763963053821023,1.2185038581989842,-0.5421075528168817
F10,11,2,0.6741976006016304,1.2185038581989842,-0.5443062575973541
F10,12,2,0.6701455089494789,1.2185038581989842,-0.5483583492495054
F10,13,2,0.6753251324753541,1.2185038581989842,-0.5431787257236301
F10,14,2,0.673817951640508,1.2185038581989842,-0.5446859065584762
F10,15,2,0.673717692177525,1.2185038581989842,-0.5447861660214595
F10,16,2,0.6722555927595989,1.2185038581989844,-0.5462482654393852
F10,17,2,0.6717713706529661,1.2185038581989844,-0.5467324875460179
F10,18,2,0.6735197181243444,1.2185038581989842,-0.5449841400746401
F10,19,2,0.6786342218906442,1.218503858198984,-0.539869636308341
F10,0,3,0.5137438013332344,1.2185038581989842,-0.7047600568657502
F10,1,3,0.5141800781066453,1.2185038581989842,-0.7043237800923385
F10,2,3,0.5105297266002855,1.2185038581989842,-0.7079741315986984
F10,3,3,0.5088138653245148,1.2185038581989842,-0.7096899928744695
F10,4,3,0.5091069276307373,1.2185038581989844,-0.7093969305682469
F10,5,3,0.5108010628324996,1.2185038581989842,-0.7077027953664851
F10,6,3,0.5119377298114839,1.2185038581989842,-0.706566128387501
F10,7,3,0.5100057215561731,1.2185038581989842,-0.7084981366428109
F10,8,3,0.5122498670993312,1.2185038581989844,-0.7062539910996531
F10,9,3,0.5106959463492158,1.2185038581989842,-0.7078079118497687
F10,10,3,0.5157730364530307,1.2185038581989842,-0.7027308217459535
F10,11,3,0.5112250775191064,1.2185038581989842,-0.7072787806798774
F10,12,3,0.5108749274458464,1.2185038581989842,-0.7076289307531375
F10,13,3,0.5104043934134529,1.2185038581989842,-0.7080994647855317
F10,14,3,0.5110775715306938,1.2185038581989842,-0.7074262866682905
F10,15,3,0.5095369208520786,1.2185038581989842,-0.7089669373469055
F10,16,3,0.5088104090623542,1.2185038581989844,-0.7096934491366301
F10,17,3,0.5117990590115862,1.2185038581989844,-0.7067047991873981
F10,18,3,0.5088348891986639,1.2185038581989842,-0.7096689690003206
F10,19,3,0.5106267632297635,1.218503858198984,-0.7078770949692211
F10,0,4,0.43695991896701175,1.2185038581989842,-0.7815439392319727
F10,1,4,0.4370691540853795,1.2185038581989842,-0.7814347041136045
F10,2,4,0.43948371769880706,1.2185038581989842,-0.7790201405001765
F10,3,4,0.4302715452560892,1.2185038581989842,-0.7882323129428956
F10,4,4,0.43433858839722916,1.2185038581989844,-0.7841652698017554
F10,5,4,0.4347962724509508,1.2185038581989842,-0.7837075857480335
F10,6,4,0.44189483245789707,1.2185038581989842,-0.776609025741087
F10,7,4,0.44144562349734684,1.2185038581989842,-0.7770582347016383
F10,8,4,0.4332900950714028,1.2185038581989844,-0.7852137631275811
F10,9,4,0.43373747738412455,1.2185038581989842,-0.7847663808148594
F10,10,4,0.4309529763686421,1.2185038581989842,-0.7875508818303418
F10,11,4,0.4309675473124699,1.2185038581989842,-0.7875363108865139
F10,12,4,0.4295621540728409,1.2185038581989842,-0.7889417041261436
F10,13,4,0.4376955466328519,1.2185038581989842,-0.7808083115661321
F10,14,4,0.439830572344544,1.2185038581989842,-0.7786732858544402
F10,15,4,0.4391420910570281,1.2185038581989842,-0.779361767141956
F10,16,4,0.4315257933559504,1.2185038581989844,-0.7869780648430335
F10,17,4,0.43424227679812955,1.2185038581989844,-0.7842615814008547
F10,18,4,0.4316063224466044,1.2185038581989842,-0.7868975357523794
F10,19,4,0.44213294674543213,1.218503858198984,-0.7763709114535516
F20,0,0,1.934653374812821,1.4651280916074028,0.46952528320541903
F20,1,0,1.907105679725558,1.4651280916074028,0.44197758811815546
F20,2,0,1.928787683262369,1.4651280916074028,0.4636595916549656
F20,3,0,1.9143351422834525,1.4651280916074028,0.44920705067604827
F20,4,0,1.9407754096309529,1.4651280916074028,0.4756473180235497
F20,5,0,1.9392041949538381,1.4651280916074028,0.4740761033464351
F20,6,0,1.9221039699158091,1.4651280916074028,0.45697587830840714
F20,7,0,1.9072075477071253,1.4651280916074028,0.4420794560997224
F20,8,0,1.929146426874901,1.4651280916074028,0.46401833526749786
F20,9,0,1.928243936861076,1.4651280916074028,0.46311584525367344
F20,10,0,1.9163836575746933,1.4651280916074028,0.4512555659672903
F20,11,0,1.9266938572532255,1.4651280916074028,0.4615657656458218
F20,12,0,1.9103260619987634,1.4651280916074028,0.44519797039136094
F20,13,0,1.9255826563592902,1.4651280916074028,0.46045456475188745
F20,14,0,1.9173216061336356,1.4651280916074028,0.45219351452623263
F20,15,0,1.918987989581496,1.4651280916074028,0.4538598979740937
F20,16,0,1.9106643398168903,1.4651280916074028,0.4455362482094877
F20,17,0,1.908736640235659,1.4651280916074028,0.44360854862825716
F20,18,0,1.9166809291032794,1.4651280916074028,0.4515528374958765
F20,19,0,1.9323020376322442,1.4651280916074028,0.4671739460248416
F20,0,1,1.4925603216850192,1.4651280916074028,0.02743223007761656
F20,1,1,1.479001401696816,1.4651280916074028,0.013873310089413124
F20,2,1,1.484617282741531,1.4651280916074028,0.019489191134128538
F20,3,1,1.4526053829992218,1.4651280916074028,-0.012522708608181056
F20,4,1,1.4469727825632603,1.4651280916074028,-0.018155309044142694
F20,5,1,1.4597385580319349,1.4651280916074028,-0.005389533575468032
F20,6,1,1.4701298684429216,1.4651280916074028,0.005001776835519135
F20,7,1,1.4660949746257053,1.4651280916074028,0.0009668830183024545
F20,8,1,1.4764698071794782,1.4651280916074028,0.011341715572075414
F20,9,1,1.4873578319137717,1.4651280916074028,0.022229740306369157
F20,10,1,1.4592286480189265,1.4651280916074028,-0.005899443588477037
F20,11,1,1.4548275786639757,1.4651280916074028,-0.010300512943426996
F20,12,1,1.4483375966288219,1.4651280916074028,-0.016790494978580615
F20,13,1,1.4700325404820689,1.4651280916074028,0.0049044488746659036
F20,14,1,1.4444979111443355,1.4651280916074028,-0.020630180463066576
F20,15,1,1.4788686874846177,1.4651280916074028,0.013740595877215307
F20,16,1,1.4552964496118246,1.4651280916074028,-0.009831641995578178
F20,17,1,1.443793676284465,1.4651280916074028,-0.021334415322937283
F20,18,1,1.4785682976338603,1.4651280916074028,0.013440206026457414
F20,19,1,1.448227098928361,1.4651280916074028,-0.01690099267904162
F20,0,2,1.1317929918880312,1.4651280916074028,-0.33333509971937153
F20,1,2,1.120666745242051,1.4651280916074028,-0.34446134636535175
F20,2,2,1.1073504864042918,1.4651280916074028,-0.3577776052031113
F20,3,2,1.1246126704713741,1.4651280916074028,-0.3405154211360289
F20,4,2,1.1157960002939835,1.4651280916074028,-0.34933209131341897
F20,5,2,1.0913607112896115,1.4651280916074028,-0.3737673803177913
F20,6,2,1.0946769853816563,1.4651280916074028,-0.3704511062257467
F20,7,2,1.1015521705110303,1.4651280916074028,-0.36357592109637277
F20,8,2,1.0770686375032101,1.4651280916074028,-0.3880594541041925
F20,9,2,1.1410792201734283,1.4651280916074028,-0.32404887143397415
F20,10,2,1.153093475701084,1.4651280916074028,-0.3120346159063191
F20,11,2,1.1423998626750327,1.4651280916074028,-0.32272822893237035
F20,12,2,1.0846615458496582,1.4651280916074028,-0.38046654575774447
F20,13,2,1.1020223741457325,1.4651280916074028,-0.3631057174616706
F20,14,2,1.1129071998694824,1.4651280916074028,-0.3522208917379209
F20,15,2,1.099026766360166,1.4651280916074028,-0.3661013252472371
F20,16,2,1.130705687286046,1.4651280916074028,-0.3344224043213567
F20,17,2,1.0876808738491255,1.4651280916074028,-0.37744721775827755
F20,18,2,1.102846240020045,1.4651280916074028,-0.362281851587358
F20,19,2,1.0913455673255383,1.4651280916074028,-0.37378252428186454
F20,0,3,0.8450267909629502,1.4651280916074028,-0.6201013006444526
F20,1,3,0.8337433555738408,1.4651280916074028,-0.6313847360335618
F20,2,3,0.8430943612932917,1.4651280916074028,-0.6220337303141109
F20,3,3,0.8207610419108352,1.4651280916074028,-0.6443670496965677
F20,4,3,0.8264805571409564,1.4651280916074028,-0.6386475344664466
F20,5,3,0.832970155221293,1.4651280916074028,-0.6321579363861094
F20,6,3,0.8337927704560611,1.4651280916074028,-0.6313353211513419
F20,7,3,0.818717453745528,1.4651280916074028,-0.6464106378618751
F20,8,3,0.8354553463431765,1.4651280916074028,-0.6296727452642265
F20,9,3,0.8494011508137822,1.4651280916074028,-0.6157269407936207
F20,10,3,0.8383734776402685,1.4651280916074028,-0.6267546139671342
F20,11,3,0.8533807131058033,1.4651280916074028,-0.6117473785015998
F20,12,3,0.8243988790080674,1.4651280916074028,-0.640729212599335
F20,13,3,0.8516721872950129,1.4651280916074028,-0.6134559043123903
F20,14,3,0.8287309708355456,1.4651280916074028,-0.6363971207718572
F20,15,3,0.8479053868042463,1.4651280916074028,-0.6172227048031568
F20,16,3,0.8587856529523988,1.4651280916074028,-0.6063424386550044
F20,17,3,0.8340161954706886,1.4651280916074028,-0.6311118961367141
F20,18,3,0.823064196543105,1.4651280916074028,-0.6420638950642977
F20,19,3,0.8371440086428544,1.4651280916074028,-0.6279840829645488
F20,0,4,0.7485639750155165,1.4651280916074028,-0.7165641165918866
F20,1,4,0.7221777220967901,1.4651280916074028,-0.742950369510613
F20,2,4,0.73628391413825,1.4651280916074028,-0.7288441774691524
F20,3,4,0.7387841227647126,1.4651280916074028,-0.7263439688426903
F20,4,4,0.7215954247552193,1.4651280916074028,-0.743532666852184
F20,5,4,0.7479297768563891,1.4651280916074028,-0.7171983147510137
F20,6,4,0.7183500143358391,1.4651280916074028,-0.7467780772715641
F20,7,4,0.7133771789598217,1.4651280916074028,-0.7517509126475809
F20,8,4,0.7295427427662925,1.4651280916074028,-0.7355853488411104
F20,9,4,0.720180524436803,1.4651280916074028,-0.7449475671705998
F20,10,4,0.7134366059345207,1.4651280916074028,-0.7516914856728817
F20,11,4,0.730678093696058,1.4651280916074028,-0.7344499979113451
F20,12,4,0.7061086024898284,1.4651280916074028,-0.759019489117574
F20,13,4,0.7509652146768191,1.4651280916074028,-0.714162876930584
F20,14,4,0.7116281696809003,1.4651280916074028,-0.7534999219265022
F20,15,4,0.7606858290904415,1.4651280916074028,-0.7044422625169615
F20,16,4,0.7510325768723868,1.4651280916074028,-0.7140955147350156
F20,17,4,0.736854960709605,1.4651280916074028,-0.728273130897798
F20,18,4,0.7219650614684353,1.4651280916074028,-0.7431630301389676
F20,19,4,0.7229168063963364,1.4651280916074028,-0.7422112852110664
