task,repeat,weighting,metric,value,people,target_rows
next_rating,0,window_equal,MAE_last_value,0.5958288385472852,213,2781
next_rating,0,window_equal,MAE_ridge,0.6422885606292144,213,2781
next_rating,0,window_equal,MAE_random_forest,0.6510633073743727,213,2781
next_rating,0,window_equal,RMSE_last_value,0.9445237608676562,213,2781
next_rating,0,window_equal,RMSE_ridge,0.9129311944280432,213,2781
next_rating,0,window_equal,RMSE_random_forest,0.9173802922210997,213,2781
next_rating,0,window_equal,MAE_ridge_minus_last_value,0.04645972208192917,213,2781
next_rating,0,window_equal,MAE_random_forest_minus_last_value,0.05523446882708749,213,2781
next_rating,0,window_equal,RMSE_ridge_minus_last_value,-0.03159256643961306,213,2781
next_rating,0,window_equal,RMSE_random_forest_minus_last_value,-0.02714346864655648,213,2781
next_rating,0,person_equal,MAE_last_value,0.5832909243016947,213,2781
next_rating,0,person_equal,MAE_ridge,0.6368378925788337,213,2781
next_rating,0,person_equal,MAE_random_forest,0.645592567223787,213,2781
next_rating,0,person_equal,RMSE_last_value,0.9352388857111176,213,2781
next_rating,0,person_equal,RMSE_ridge,0.907381406696096,213,2781
next_rating,0,person_equal,RMSE_random_forest,0.910877598580973,213,2781
next_rating,0,person_equal,MAE_ridge_minus_last_value,0.05354696827713901,213,2781
next_rating,0,person_equal,MAE_random_forest_minus_last_value,0.06230164292209228,213,2781
next_rating,0,person_equal,RMSE_ridge_minus_last_value,-0.027857479015021558,213,2781
next_rating,0,person_equal,RMSE_random_forest_minus_last_value,-0.024361287130144627,213,2781
next_rating,1,window_equal,MAE_last_value,0.5958288385472852,213,2781
next_rating,1,window_equal,MAE_ridge,0.6437529459552278,213,2781
next_rating,1,window_equal,MAE_random_forest,0.6520397129979624,213,2781
next_rating,1,window_equal,RMSE_last_value,0.9445237608676562,213,2781
next_rating,1,window_equal,RMSE_ridge,0.9145731886624984,213,2781
next_rating,1,window_equal,RMSE_random_forest,0.9199345303559759,213,2781
next_rating,1,window_equal,MAE_ridge_minus_last_value,0.04792410740794262,213,2781
next_rating,1,window_equal,MAE_random_forest_minus_last_value,0.056210874450677184,213,2781
next_rating,1,window_equal,RMSE_ridge_minus_last_value,-0.029950572205157844,213,2781
next_rating,1,window_equal,RMSE_random_forest_minus_last_value,-0.02458923051168027,213,2781
next_rating,1,person_equal,MAE_last_value,0.5832909243016947,213,2781
next_rating,1,person_equal,MAE_ridge,0.6383007312612634,213,2781
next_rating,1,person_equal,MAE_random_forest,0.6453904211578734,213,2781
next_rating,1,person_equal,RMSE_last_value,0.9352388857111176,213,2781
next_rating,1,person_equal,RMSE_ridge,0.9088161680476493,213,2781
next_rating,1,person_equal,RMSE_random_forest,0.911696419104544,213,2781
next_rating,1,person_equal,MAE_ridge_minus_last_value,0.0550098069595687,213,2781
next_rating,1,person_equal,MAE_random_forest_minus_last_value,0.06209949685617866,213,2781
next_rating,1,person_equal,RMSE_ridge_minus_last_value,-0.026422717663468265,213,2781
next_rating,1,person_equal,RMSE_random_forest_minus_last_value,-0.023542466606573553,213,2781
next_rating,2,window_equal,MAE_last_value,0.5958288385472852,213,2781
next_rating,2,window_equal,MAE_ridge,0.6434130581976593,213,2781
next_rating,2,window_equal,MAE_random_forest,0.6475369745833163,213,2781
next_rating,2,window_equal,RMSE_last_value,0.9445237608676562,213,2781
next_rating,2,window_equal,RMSE_ridge,0.9142584118358876,213,2781
next_rating,2,window_equal,RMSE_random_forest,0.9137533295118875,213,2781
next_rating,2,window_equal,MAE_ridge_minus_last_value,0.04758421965037407,213,2781
next_rating,2,window_equal,MAE_random_forest_minus_last_value,0.05170813603603108,213,2781
next_rating,2,window_equal,RMSE_ridge_minus_last_value,-0.030265349031768585,213,2781
next_rating,2,window_equal,RMSE_random_forest_minus_last_value,-0.030770431355768735,213,2781
next_rating,2,person_equal,MAE_last_value,0.5832909243016947,213,2781
next_rating,2,person_equal,MAE_ridge,0.6383458897435654,213,2781
next_rating,2,person_equal,MAE_random_forest,0.6413876022926305,213,2781
next_rating,2,person_equal,RMSE_last_value,0.9352388857111176,213,2781
next_rating,2,person_equal,RMSE_ridge,0.9088572699257764,213,2781
next_rating,2,person_equal,RMSE_random_forest,0.9057865694567084,213,2781
next_rating,2,person_equal,MAE_ridge_minus_last_value,0.05505496544187072,213,2781
next_rating,2,person_equal,MAE_random_forest_minus_last_value,0.05809667799093576,213,2781
next_rating,2,person_equal,RMSE_ridge_minus_last_value,-0.02638161578534115,213,2781
next_rating,2,person_equal,RMSE_random_forest_minus_last_value,-0.02945231625440914,213,2781
next_rating,3,window_equal,MAE_last_value,0.5958288385472852,213,2781
next_rating,3,window_equal,MAE_ridge,0.6446361313490335,213,2781
next_rating,3,window_equal,MAE_random_forest,0.6510299016972696,213,2781
next_rating,3,window_equal,RMSE_last_value,0.9445237608676562,213,2781
next_rating,3,window_equal,RMSE_ridge,0.9155926553844037,213,2781
next_rating,3,window_equal,RMSE_random_forest,0.9173125922053031,213,2781
next_rating,3,window_equal,MAE_ridge_minus_last_value,0.048807292801748337,213,2781
next_rating,3,window_equal,MAE_random_forest_minus_last_value,0.05520106314998441,213,2781
next_rating,3,window_equal,RMSE_ridge_minus_last_value,-0.028931105483252506,213,2781
next_rating,3,window_equal,RMSE_random_forest_minus_last_value,-0.02721116866235307,213,2781
next_rating,3,person_equal,MAE_last_value,0.5832909243016947,213,2781
next_rating,3,person_equal,MAE_ridge,0.6396709025626414,213,2781
next_rating,3,person_equal,MAE_random_forest,0.6451801129168728,213,2781
next_rating,3,person_equal,RMSE_last_value,0.9352388857111176,213,2781
next_rating,3,person_equal,RMSE_ridge,0.9104248929208502,213,2781
next_rating,3,person_equal,RMSE_random_forest,0.9095249454307746,213,2781
next_rating,3,person_equal,MAE_ridge_minus_last_value,0.05637997826094665,213,2781
next_rating,3,person_equal,MAE_random_forest_minus_last_value,0.061889188615178115,213,2781
next_rating,3,person_equal,RMSE_ridge_minus_last_value,-0.024813992790267414,213,2781
next_rating,3,person_equal,RMSE_random_forest_minus_last_value,-0.025713940280343017,213,2781
next_rating,4,window_equal,MAE_last_value,0.5958288385472852,213,2781
next_rating,4,window_equal,MAE_ridge,0.6434447035937568,213,2781
next_rating,4,window_equal,MAE_random_forest,0.6491879037661168,213,2781
next_rating,4,window_equal,RMSE_last_value,0.9445237608676562,213,2781
next_rating,4,window_equal,RMSE_ridge,0.9136936957770078,213,2781
next_rating,4,window_equal,RMSE_random_forest,0.9164571403003613,213,2781
next_rating,4,window_equal,MAE_ridge_minus_last_value,0.04761586504647164,213,2781
next_rating,4,window_equal,MAE_random_forest_minus_last_value,0.0533590652188316,213,2781
next_rating,4,window_equal,RMSE_ridge_minus_last_value,-0.03083006509064845,213,2781
next_rating,4,window_equal,RMSE_random_forest_minus_last_value,-0.02806662056729492,213,2781
next_rating,4,person_equal,MAE_last_value,0.5832909243016947,213,2781
next_rating,4,person_equal,MAE_ridge,0.6382126994893955,213,2781
next_rating,4,person_equal,MAE_random_forest,0.6433522146787582,213,2781
next_rating,4,person_equal,RMSE_last_value,0.9352388857111176,213,2781
next_rating,4,person_equal,RMSE_ridge,0.9082949462087748,213,2781
next_rating,4,person_equal,RMSE_random_forest,0.9096201827985687,213,2781
next_rating,4,person_equal,MAE_ridge_minus_last_value,0.054921775187700805,213,2781
next_rating,4,person_equal,MAE_random_forest_minus_last_value,0.060061290377063536,213,2781
next_rating,4,person_equal,RMSE_ridge_minus_last_value,-0.02694393950234275,213,2781
next_rating,4,person_equal,RMSE_random_forest_minus_last_value,-0.025618702912548863,213,2781
next_rating,5,window_equal,MAE_last_value,0.5958288385472852,213,2781
next_rating,5,window_equal,MAE_ridge,0.6430314641510543,213,2781
next_rating,5,window_equal,MAE_random_forest,0.6484062108498228,213,2781
next_rating,5,window_equal,RMSE_last_value,0.9445237608676562,213,2781
next_rating,5,window_equal,RMSE_ridge,0.914188189884862,213,2781
next_rating,5,window_equal,RMSE_random_forest,0.9147495917709757,213,2781
next_rating,5,window_equal,MAE_ridge_minus_last_value,0.04720262560376909,213,2781
next_rating,5,window_equal,MAE_random_forest_minus_last_value,0.05257737230253756,213,2781
next_rating,5,window_equal,RMSE_ridge_minus_last_value,-0.03033557098279427,213,2781
next_rating,5,window_equal,RMSE_random_forest_minus_last_value,-0.029774169096680514,213,2781
next_rating,5,person_equal,MAE_last_value,0.5832909243016947,213,2781
next_rating,5,person_equal,MAE_ridge,0.6381782964310974,213,2781
next_rating,5,person_equal,MAE_random_forest,0.6437122754737511,213,2781
next_rating,5,person_equal,RMSE_last_value,0.9352388857111176,213,2781
next_rating,5,person_equal,RMSE_ridge,0.9092907711376917,213,2781
next_rating,5,person_equal,RMSE_random_forest,0.908685267341481,213,2781
next_rating,5,person_equal,MAE_ridge_minus_last_value,0.054887372129402645,213,2781
next_rating,5,person_equal,MAE_random_forest_minus_last_value,0.06042135117205638,213,2781
next_rating,5,person_equal,RMSE_ridge_minus_last_value,-0.02594811457342583,213,2781
next_rating,5,person_equal,RMSE_random_forest_minus_last_value,-0.026553618369636545,213,2781
next_rating,6,window_equal,MAE_last_value,0.5958288385472852,213,2781
next_rating,6,window_equal,MAE_ridge,0.6433563590160718,213,2781
next_rating,6,window_equal,MAE_random_forest,0.651485235825094,213,2781
next_rating,6,window_equal,RMSE_last_value,0.9445237608676562,213,2781
next_rating,6,window_equal,RMSE_ridge,0.9135236375568295,213,2781
next_rating,6,window_equal,RMSE_random_forest,0.9196226437897428,213,2781
next_rating,6,window_equal,MAE_ridge_minus_last_value,0.04752752046878661,213,2781
next_rating,6,window_equal,MAE_random_forest_minus_last_value,0.0556563972778088,213,2781
next_rating,6,window_equal,RMSE_ridge_minus_last_value,-0.031000123310826688,213,2781
next_rating,6,window_equal,RMSE_random_forest_minus_last_value,-0.024901117077913426,213,2781
next_rating,6,person_equal,MAE_last_value,0.5832909243016947,213,2781
next_rating,6,person_equal,MAE_ridge,0.6378483269350606,213,2781
next_rating,6,person_equal,MAE_random_forest,0.6458681521000763,213,2781
next_rating,6,person_equal,RMSE_last_value,0.9352388857111176,213,2781
next_rating,6,person_equal,RMSE_ridge,0.9077178988074026,213,2781
next_rating,6,person_equal,RMSE_random_forest,0.9126550540351378,213,2781
next_rating,6,person_equal,MAE_ridge_minus_last_value,0.05455740263336584,213,2781
next_rating,6,person_equal,MAE_random_forest_minus_last_value,0.0625772277983816,213,2781
next_rating,6,person_equal,RMSE_ridge_minus_last_value,-0.02752098690371496,213,2781
next_rating,6,person_equal,RMSE_random_forest_minus_last_value,-0.02258383167597977,213,2781
next_rating,7,window_equal,MAE_last_value,0.5958288385472852,213,2781
next_rating,7,window_equal,MAE_ridge,0.6428969337616651,213,2781
next_rating,7,window_equal,MAE_random_forest,0.6486520025631541,213,2781
next_rating,7,window_equal,RMSE_last_value,0.9445237608676562,213,2781
next_rating,7,window_equal,RMSE_ridge,0.9144110713673972,213,2781
next_rating,7,window_equal,RMSE_random_forest,0.9142053649289742,213,2781
next_rating,7,window_equal,MAE_ridge_minus_last_value,0.047068095214379935,213,2781
next_rating,7,window_equal,MAE_random_forest_minus_last_value,0.05282316401586895,213,2781
next_rating,7,window_equal,RMSE_ridge_minus_last_value,-0.030112689500259027,213,2781
next_rating,7,window_equal,RMSE_random_forest_minus_last_value,-0.03031839593868202,213,2781
next_rating,7,person_equal,MAE_last_value,0.5832909243016947,213,2781
next_rating,7,person_equal,MAE_ridge,0.6372990233989951,213,2781
next_rating,7,person_equal,MAE_random_forest,0.6432265355809712,213,2781
next_rating,7,person_equal,RMSE_last_value,0.9352388857111176,213,2781
next_rating,7,person_equal,RMSE_ridge,0.9087108180531707,213,2781
next_rating,7,person_equal,RMSE_random_forest,0.907553037138789,213,2781
next_rating,7,person_equal,MAE_ridge_minus_last_value,0.05400809909730042,213,2781
next_rating,7,person_equal,MAE_random_forest_minus_last_value,0.05993561127927649,213,2781
next_rating,7,person_equal,RMSE_ridge_minus_last_value,-0.026528067657946908,213,2781
next_rating,7,person_equal,RMSE_random_forest_minus_last_value,-0.027685848572328586,213,2781
next_rating,8,window_equal,MAE_last_value,0.5958288385472852,213,2781
next_rating,8,window_equal,MAE_ridge,0.6429024535185832,213,2781
next_rating,8,window_equal,MAE_random_forest,0.6509783187187881,213,2781
next_rating,8,window_equal,RMSE_last_value,0.9445237608676562,213,2781
next_rating,8,window_equal,RMSE_ridge,0.9137705138043205,213,2781
next_rating,8,window_equal,RMSE_random_forest,0.9189096742605963,213,2781
next_rating,8,window_equal,MAE_ridge_minus_last_value,0.04707361497129803,213,2781
next_rating,8,window_equal,MAE_random_forest_minus_last_value,0.055149480171502896,213,2781
next_rating,8,window_equal,RMSE_ridge_minus_last_value,-0.03075324706333571,213,2781
next_rating,8,window_equal,RMSE_random_forest_minus_last_value,-0.025614086607059883,213,2781
next_rating,8,person_equal,MAE_last_value,0.5832909243016947,213,2781
next_rating,8,person_equal,MAE_ridge,0.637572223160566,213,2781
next_rating,8,person_equal,MAE_random_forest,0.6451073549547395,213,2781
next_rating,8,person_equal,RMSE_last_value,0.9352388857111176,213,2781
next_rating,8,person_equal,RMSE_ridge,0.9081832066702281,213,2781
next_rating,8,person_equal,RMSE_random_forest,0.9123405199619697,213,2781
next_rating,8,person_equal,MAE_ridge_minus_last_value,0.05428129885887134,213,2781
next_rating,8,person_equal,MAE_random_forest_minus_last_value,0.06181643065304476,213,2781
next_rating,8,person_equal,RMSE_ridge_minus_last_value,-0.027055679040889458,213,2781
next_rating,8,person_equal,RMSE_random_forest_minus_last_value,-0.02289836574914783,213,2781
next_rating,9,window_equal,MAE_last_value,0.5958288385472852,213,2781
next_rating,9,window_equal,MAE_ridge,0.643177338136697,213,2781
next_rating,9,window_equal,MAE_random_forest,0.648278844630837,213,2781
next_rating,9,window_equal,RMSE_last_value,0.9445237608676562,213,2781
next_rating,9,window_equal,RMSE_ridge,0.9141592586270694,213,2781
next_rating,9,window_equal,RMSE_random_forest,0.9145392858752596,213,2781
next_rating,9,window_equal,MAE_ridge_minus_last_value,0.047348499589411785,213,2781
next_rating,9,window_equal,MAE_random_forest_minus_last_value,0.05245000608355177,213,2781
next_rating,9,window_equal,RMSE_ridge_minus_last_value,-0.030364502240586844,213,2781
next_rating,9,window_equal,RMSE_random_forest_minus_last_value,-0.029984474992396648,213,2781
next_rating,9,person_equal,MAE_last_value,0.5832909243016947,213,2781
next_rating,9,person_equal,MAE_ridge,0.6373988005261451,213,2781
next_rating,9,person_equal,MAE_random_forest,0.6427484011975021,213,2781
next_rating,9,person_equal,RMSE_last_value,0.9352388857111176,213,2781
next_rating,9,person_equal,RMSE_ridge,0.9080644357653856,213,2781
next_rating,9,person_equal,RMSE_random_forest,0.9068706943923699,213,2781
next_rating,9,person_equal,MAE_ridge_minus_last_value,0.054107876224450346,213,2781
next_rating,9,person_equal,MAE_random_forest_minus_last_value,0.05945747689580738,213,2781
next_rating,9,person_equal,RMSE_ridge_minus_last_value,-0.027174449945731927,213,2781
next_rating,9,person_equal,RMSE_random_forest_minus_last_value,-0.028368191318747682,213,2781
next_rating,10,window_equal,MAE_last_value,0.5958288385472852,213,2781
next_rating,10,window_equal,MAE_ridge,0.6426115009534434,213,2781
next_rating,10,window_equal,MAE_random_forest,0.6482684674291715,213,2781
next_rating,10,window_equal,RMSE_last_value,0.9445237608676562,213,2781
next_rating,10,window_equal,RMSE_ridge,0.9138955477096462,213,2781
next_rating,10,window_equal,RMSE_random_forest,0.9148337066121447,213,2781
next_rating,10,window_equal,MAE_ridge_minus_last_value,0.04678266240615825,213,2781
next_rating,10,window_equal,MAE_random_forest_minus_last_value,0.05243962888188636,213,2781
next_rating,10,window_equal,RMSE_ridge_minus_last_value,-0.03062821315801001,213,2781
next_rating,10,window_equal,RMSE_random_forest_minus_last_value,-0.029690054255511522,213,2781
next_rating,10,person_equal,MAE_last_value,0.5832909243016947,213,2781
next_rating,10,person_equal,MAE_ridge,0.6371218835510511,213,2781
next_rating,10,person_equal,MAE_random_forest,0.6416171933098999,213,2781
next_rating,10,person_equal,RMSE_last_value,0.9352388857111176,213,2781
next_rating,10,person_equal,RMSE_ridge,0.9083768293835152,213,2781
next_rating,10,person_equal,RMSE_random_forest,0.9059189955842216,213,2781
next_rating,10,person_equal,MAE_ridge_minus_last_value,0.053830959249356436,213,2781
next_rating,10,person_equal,MAE_random_forest_minus_last_value,0.058326269008205145,213,2781
next_rating,10,person_equal,RMSE_ridge_minus_last_value,-0.026862056327602413,213,2781
next_rating,10,person_equal,RMSE_random_forest_minus_last_value,-0.029319890126895953,213,2781
next_rating,11,window_equal,MAE_last_value,0.5958288385472852,213,2781
next_rating,11,window_equal,MAE_ridge,0.64463164363965,213,2781
next_rating,11,window_equal,MAE_random_forest,0.6509144380227607,213,2781
next_rating,11,window_equal,RMSE_last_value,0.9445237608676562,213,2781
next_rating,11,window_equal,RMSE_ridge,0.9153422032389114,213,2781
next_rating,11,window_equal,RMSE_random_forest,0.9193076728678198,213,2781
next_rating,11,window_equal,MAE_ridge_minus_last_value,0.04880280509236479,213,2781
next_rating,11,window_equal,MAE_random_forest_minus_last_value,0.05508559947547553,213,2781
next_rating,11,window_equal,RMSE_ridge_minus_last_value,-0.02918155762874486,213,2781
next_rating,11,window_equal,RMSE_random_forest_minus_last_value,-0.025216087999836434,213,2781
next_rating,11,person_equal,MAE_last_value,0.5832909243016947,213,2781
next_rating,11,person_equal,MAE_ridge,0.6394487836806222,213,2781
next_rating,11,person_equal,MAE_random_forest,0.6451778279493824,213,2781
next_rating,11,person_equal,RMSE_last_value,0.9352388857111176,213,2781
next_rating,11,person_equal,RMSE_ridge,0.9099769413047576,213,2781
next_rating,11,person_equal,RMSE_random_forest,0.9126775122551439,213,2781
next_rating,11,person_equal,MAE_ridge_minus_last_value,0.05615785937892748,213,2781
next_rating,11,person_equal,MAE_random_forest_minus_last_value,0.061886903647687674,213,2781
next_rating,11,person_equal,RMSE_ridge_minus_last_value,-0.025261944406359982,213,2781
next_rating,11,person_equal,RMSE_random_forest_minus_last_value,-0.022561373455973643,213,2781
next_rating,12,window_equal,MAE_last_value,0.5958288385472852,213,2781
next_rating,12,window_equal,MAE_ridge,0.6455884067936077,213,2781
next_rating,12,window_equal,MAE_random_forest,0.6539790459316399,213,2781
next_rating,12,window_equal,RMSE_last_value,0.9445237608676562,213,2781
next_rating,12,window_equal,RMSE_ridge,0.9160632989558808,213,2781
next_rating,12,window_equal,RMSE_random_forest,0.919070054791727,213,2781
next_rating,12,window_equal,MAE_ridge_minus_last_value,0.04975956824632255,213,2781
next_rating,12,window_equal,MAE_random_forest_minus_last_value,0.058150207384354724,213,2781
next_rating,12,window_equal,RMSE_ridge_minus_last_value,-0.028460461911775425,213,2781
next_rating,12,window_equal,RMSE_random_forest_minus_last_value,-0.025453706075929228,213,2781
next_rating,12,person_equal,MAE_last_value,0.5832909243016947,213,2781
next_rating,12,person_equal,MAE_ridge,0.6405119975181837,213,2781
next_rating,12,person_equal,MAE_random_forest,0.648312532103623,213,2781
next_rating,12,person_equal,RMSE_last_value,0.9352388857111176,213,2781
next_rating,12,person_equal,RMSE_ridge,0.91055785562361,213,2781
next_rating,12,person_equal,RMSE_random_forest,0.9115469143085975,213,2781
next_rating,12,person_equal,MAE_ridge_minus_last_value,0.05722107321648895,213,2781
next_rating,12,person_equal,MAE_random_forest_minus_last_value,0.06502160780192834,213,2781
next_rating,12,person_equal,RMSE_ridge_minus_last_value,-0.02468103008750755,213,2781
next_rating,12,person_equal,RMSE_random_forest_minus_last_value,-0.023691971402520107,213,2781
next_rating,13,window_equal,MAE_last_value,0.5958288385472852,213,2781
next_rating,13,window_equal,MAE_ridge,0.6452104440486648,213,2781
next_rating,13,window_equal,MAE_random_forest,0.6496389004560025,213,2781
next_rating,13,window_equal,RMSE_last_value,0.9445237608676562,213,2781
next_rating,13,window_equal,RMSE_ridge,0.9172878033421096,213,2781
next_rating,13,window_equal,RMSE_random_forest,0.9161092086562012,213,2781
next_rating,13,window_equal,MAE_ridge_minus_last_value,0.0493816055013796,213,2781
next_rating,13,window_equal,MAE_random_forest_minus_last_value,0.05381006190871729,213,2781
next_rating,13,window_equal,RMSE_ridge_minus_last_value,-0.02723595752554664,213,2781
next_rating,13,window_equal,RMSE_random_forest_minus_last_value,-0.028414552211455057,213,2781
next_rating,13,person_equal,MAE_last_value,0.5832909243016947,213,2781
next_rating,13,person_equal,MAE_ridge,0.6400707179329719,213,2781
next_rating,13,person_equal,MAE_random_forest,0.6439541947726807,213,2781
next_rating,13,person_equal,RMSE_last_value,0.9352388857111176,213,2781
next_rating,13,person_equal,RMSE_ridge,0.9118471706141558,213,2781
next_rating,13,person_equal,RMSE_random_forest,0.9093631271948664,213,2781
next_rating,13,person_equal,MAE_ridge_minus_last_value,0.056779793631277165,213,2781
next_rating,13,person_equal,MAE_random_forest_minus_last_value,0.060663270470985964,213,2781
next_rating,13,person_equal,RMSE_ridge_minus_last_value,-0.023391715096961807,213,2781
next_rating,13,person_equal,RMSE_random_forest_minus_last_value,-0.025875758516251124,213,2781
next_rating,14,window_equal,MAE_last_value,0.5958288385472852,213,2781
next_rating,14,window_equal,MAE_ridge,0.6442770436394488,213,2781
next_rating,14,window_equal,MAE_random_forest,0.6504482392128068,213,2781
next_rating,14,window_equal,RMSE_last_value,0.9445237608676562,213,2781
next_rating,14,window_equal,RMSE_ridge,0.9150381603907617,213,2781
next_rating,14,window_equal,RMSE_random_forest,0.9181231401534273,213,2781
next_rating,14,window_equal,MAE_ridge_minus_last_value,0.04844820509216363,213,2781
next_rating,14,window_equal,MAE_random_forest_minus_last_value,0.05461940066552162,213,2781
next_rating,14,window_equal,RMSE_ridge_minus_last_value,-0.029485600476894525,213,2781
next_rating,14,window_equal,RMSE_random_forest_minus_last_value,-0.026400620714228884,213,2781
next_rating,14,person_equal,MAE_last_value,0.5832909243016947,213,2781
next_rating,14,person_equal,MAE_ridge,0.6387859217997853,213,2781
next_rating,14,person_equal,MAE_random_forest,0.643807304656111,213,2781
next_rating,14,person_equal,RMSE_last_value,0.9352388857111176,213,2781
next_rating,14,person_equal,RMSE_ridge,0.9091174924314607,213,2781
next_rating,14,person_equal,RMSE_random_forest,0.9098916353957399,213,2781
next_rating,14,person_equal,MAE_ridge_minus_last_value,0.055494997498090615,213,2781
next_rating,14,person_equal,MAE_random_forest_minus_last_value,0.06051638035441631,213,2781
next_rating,14,person_equal,RMSE_ridge_minus_last_value,-0.0261213932796569,213,2781
next_rating,14,person_equal,RMSE_random_forest_minus_last_value,-0.025347250315377656,213,2781
next_rating,15,window_equal,MAE_last_value,0.5958288385472852,213,2781
next_rating,15,window_equal,MAE_ridge,0.6452537304208564,213,2781
next_rating,15,window_equal,MAE_random_forest,0.6510177831388758,213,2781
next_rating,15,window_equal,RMSE_last_value,0.9445237608676562,213,2781
next_rating,15,window_equal,RMSE_ridge,0.9168906516250641,213,2781
next_rating,15,window_equal,RMSE_random_forest,0.9158252607675904,213,2781
next_rating,15,window_equal,MAE_ridge_minus_last_value,0.04942489187357124,213,2781
next_rating,15,window_equal,MAE_random_forest_minus_last_value,0.05518894459159063,213,2781
next_rating,15,window_equal,RMSE_ridge_minus_last_value,-0.027633109242592102,213,2781
next_rating,15,window_equal,RMSE_random_forest_minus_last_value,-0.028698500100065805,213,2781
next_rating,15,person_equal,MAE_last_value,0.5832909243016947,213,2781
next_rating,15,person_equal,MAE_ridge,0.6398166369504452,213,2781
next_rating,15,person_equal,MAE_random_forest,0.6447139816038596,213,2781
next_rating,15,person_equal,RMSE_last_value,0.9352388857111176,213,2781
next_rating,15,person_equal,RMSE_ridge,0.9114424661136197,213,2781
next_rating,15,person_equal,RMSE_random_forest,0.9071817023273199,213,2781
next_rating,15,person_equal,MAE_ridge_minus_last_value,0.056525712648750503,213,2781
next_rating,15,person_equal,MAE_random_forest_minus_last_value,0.06142305730216491,213,2781
next_rating,15,person_equal,RMSE_ridge_minus_last_value,-0.023796419597497898,213,2781
next_rating,15,person_equal,RMSE_random_forest_minus_last_value,-0.0280571833837977,213,2781
next_rating,16,window_equal,MAE_last_value,0.5958288385472852,213,2781
next_rating,16,window_equal,MAE_ridge,0.6446191105438233,213,2781
next_rating,16,window_equal,MAE_random_forest,0.649547026134426,213,2781
next_rating,16,window_equal,RMSE_last_value,0.9445237608676562,213,2781
next_rating,16,window_equal,RMSE_ridge,0.9164631629621771,213,2781
next_rating,16,window_equal,RMSE_random_forest,0.9177301609056006,213,2781
next_rating,16,window_equal,MAE_ridge_minus_last_value,0.04879027199653807,213,2781
next_rating,16,window_equal,MAE_random_forest_minus_last_value,0.053718187587140864,213,2781
next_rating,16,window_equal,RMSE_ridge_minus_last_value,-0.0280605979054791,213,2781
next_rating,16,window_equal,RMSE_random_forest_minus_last_value,-0.02679359996205566,213,2781
next_rating,16,person_equal,MAE_last_value,0.5832909243016947,213,2781
next_rating,16,person_equal,MAE_ridge,0.6391137311051701,213,2781
next_rating,16,person_equal,MAE_random_forest,0.643833926380161,213,2781
next_rating,16,person_equal,RMSE_last_value,0.9352388857111176,213,2781
next_rating,16,person_equal,RMSE_ridge,0.9109243540724725,213,2781
next_rating,16,person_equal,RMSE_random_forest,0.91034517302152,213,2781
next_rating,16,person_equal,MAE_ridge_minus_last_value,0.0558228068034754,213,2781
next_rating,16,person_equal,MAE_random_forest_minus_last_value,0.0605430020784663,213,2781
next_rating,16,person_equal,RMSE_ridge_minus_last_value,-0.024314531638645054,213,2781
next_rating,16,person_equal,RMSE_random_forest_minus_last_value,-0.024893712689597614,213,2781
next_rating,17,window_equal,MAE_last_value,0.5958288385472852,213,2781
next_rating,17,window_equal,MAE_ridge,0.6455915938136267,213,2781
next_rating,17,window_equal,MAE_random_forest,0.6505437190000227,213,2781
next_rating,17,window_equal,RMSE_last_value,0.9445237608676562,213,2781
next_rating,17,window_equal,RMSE_ridge,0.915780529936161,213,2781
next_rating,17,window_equal,RMSE_random_forest,0.9162430403686814,213,2781
next_rating,17,window_equal,MAE_ridge_minus_last_value,0.04976275526634155,213,2781
next_rating,17,window_equal,MAE_random_forest_minus_last_value,0.054714880452737535,213,2781
next_rating,17,window_equal,RMSE_ridge_minus_last_value,-0.028743230931495223,213,2781
next_rating,17,window_equal,RMSE_random_forest_minus_last_value,-0.028280720498974787,213,2781
next_rating,17,person_equal,MAE_last_value,0.5832909243016947,213,2781
next_rating,17,person_equal,MAE_ridge,0.6396684139325267,213,2781
next_rating,17,person_equal,MAE_random_forest,0.6449330758092257,213,2781
next_rating,17,person_equal,RMSE_last_value,0.9352388857111176,213,2781
next_rating,17,person_equal,RMSE_ridge,0.9099427592110388,213,2781
next_rating,17,person_equal,RMSE_random_forest,0.910203102293075,213,2781
next_rating,17,person_equal,MAE_ridge_minus_last_value,0.056377489630832,213,2781
next_rating,17,person_equal,MAE_random_forest_minus_last_value,0.06164215150753094,213,2781
next_rating,17,person_equal,RMSE_ridge_minus_last_value,-0.02529612650007873,213,2781
next_rating,17,person_equal,RMSE_random_forest_minus_last_value,-0.02503578341804258,213,2781
next_rating,18,window_equal,MAE_last_value,0.5958288385472852,213,2781
next_rating,18,window_equal,MAE_ridge,0.6441701180228867,213,2781
next_rating,18,window_equal,MAE_random_forest,0.6504635588110587,213,2781
next_rating,18,window_equal,RMSE_last_value,0.9445237608676562,213,2781
next_rating,18,window_equal,RMSE_ridge,0.9147424417176003,213,2781
next_rating,18,window_equal,RMSE_random_forest,0.9168486637189023,213,2781
next_rating,18,window_equal,MAE_ridge_minus_last_value,0.04834127947560152,213,2781
next_rating,18,window_equal,MAE_random_forest_minus_last_value,0.05463472026377347,213,2781
next_rating,18,window_equal,RMSE_ridge_minus_last_value,-0.029781319150055885,213,2781
next_rating,18,window_equal,RMSE_random_forest_minus_last_value,-0.027675097148753935,213,2781
next_rating,18,person_equal,MAE_last_value,0.5832909243016947,213,2781
next_rating,18,person_equal,MAE_ridge,0.6389706304679761,213,2781
next_rating,18,person_equal,MAE_random_forest,0.6449123701279521,213,2781
next_rating,18,person_equal,RMSE_last_value,0.9352388857111176,213,2781
next_rating,18,person_equal,RMSE_ridge,0.9096273788044651,213,2781
next_rating,18,person_equal,RMSE_random_forest,0.9100650341046074,213,2781
next_rating,18,person_equal,MAE_ridge_minus_last_value,0.05567970616628137,213,2781
next_rating,18,person_equal,MAE_random_forest_minus_last_value,0.06162144582625739,213,2781
next_rating,18,person_equal,RMSE_ridge_minus_last_value,-0.02561150690665248,213,2781
next_rating,18,person_equal,RMSE_random_forest_minus_last_value,-0.0251738516065102,213,2781
next_rating,19,window_equal,MAE_last_value,0.5958288385472852,213,2781
next_rating,19,window_equal,MAE_ridge,0.6433215189688514,213,2781
next_rating,19,window_equal,MAE_random_forest,0.6509187625799311,213,2781
next_rating,19,window_equal,RMSE_last_value,0.9445237608676562,213,2781
next_rating,19,window_equal,RMSE_ridge,0.9136372780858855,213,2781
next_rating,19,window_equal,RMSE_random_forest,0.9167704752678876,213,2781
next_rating,19,window_equal,MAE_ridge_minus_last_value,0.04749268042156618,213,2781
next_rating,19,window_equal,MAE_random_forest_minus_last_value,0.0550899240326459,213,2781
next_rating,19,window_equal,RMSE_ridge_minus_last_value,-0.030886482781770752,213,2781
next_rating,19,window_equal,RMSE_random_forest_minus_last_value,-0.02775328559976864,213,2781
next_rating,19,person_equal,MAE_last_value,0.5832909243016947,213,2781
next_rating,19,person_equal,MAE_ridge,0.6381815438758325,213,2781
next_rating,19,person_equal,MAE_random_forest,0.645373180408123,213,2781
next_rating,19,person_equal,RMSE_last_value,0.9352388857111176,213,2781
next_rating,19,person_equal,RMSE_ridge,0.9082567947858187,213,2781
next_rating,19,person_equal,RMSE_random_forest,0.9104344554523105,213,2781
next_rating,19,person_equal,MAE_ridge_minus_last_value,0.05489061957413777,213,2781
next_rating,19,person_equal,MAE_random_forest_minus_last_value,0.06208225610642826,213,2781
next_rating,19,person_equal,RMSE_ridge_minus_last_value,-0.026982090925298907,213,2781
next_rating,19,person_equal,RMSE_random_forest_minus_last_value,-0.024804430258807075,213,2781
five_to_ten,0,window_equal,MAE_last_value,1.6262135922330097,206,206
five_to_ten,0,window_equal,MAE_ridge,1.3671861545962039,206,206
five_to_ten,0,window_equal,MAE_random_forest,1.358334723144674,206,206
five_to_ten,0,window_equal,RMSE_last_value,2.2065656661053508,206,206
five_to_ten,0,window_equal,RMSE_ridge,1.7119278594774534,206,206
five_to_ten,0,window_equal,RMSE_random_forest,1.745166803331423,206,206
five_to_ten,0,window_equal,MAE_ridge_minus_last_value,-0.2590274376368058,206,206
five_to_ten,0,window_equal,MAE_random_forest_minus_last_value,-0.2678788690883356,206,206
five_to_ten,0,window_equal,RMSE_ridge_minus_last_value,-0.49463780662789736,206,206
five_to_ten,0,window_equal,RMSE_random_forest_minus_last_value,-0.46139886277392783,206,206
five_to_ten,0,person_equal,MAE_last_value,1.6262135922330097,206,206
five_to_ten,0,person_equal,MAE_ridge,1.3671861545962039,206,206
five_to_ten,0,person_equal,MAE_random_forest,1.358334723144674,206,206
five_to_ten,0,person_equal,RMSE_last_value,2.2065656661053508,206,206
five_to_ten,0,person_equal,RMSE_ridge,1.7119278594774534,206,206
five_to_ten,0,person_equal,RMSE_random_forest,1.745166803331423,206,206
five_to_ten,0,person_equal,MAE_ridge_minus_last_value,-0.2590274376368058,206,206
five_to_ten,0,person_equal,MAE_random_forest_minus_last_value,-0.2678788690883356,206,206
five_to_ten,0,person_equal,RMSE_ridge_minus_last_value,-0.49463780662789736,206,206
five_to_ten,0,person_equal,RMSE_random_forest_minus_last_value,-0.46139886277392783,206,206
five_to_ten,1,window_equal,MAE_last_value,1.6262135922330097,206,206
five_to_ten,1,window_equal,MAE_ridge,1.397084548033104,206,206
five_to_ten,1,window_equal,MAE_random_forest,1.3623456020456457,206,206
five_to_ten,1,window_equal,RMSE_last_value,2.2065656661053508,206,206
five_to_ten,1,window_equal,RMSE_ridge,1.7633636121359129,206,206
five_to_ten,1,window_equal,RMSE_random_forest,1.767022553606994,206,206
five_to_ten,1,window_equal,MAE_ridge_minus_last_value,-0.22912904419990565,206,206
five_to_ten,1,window_equal,MAE_random_forest_minus_last_value,-0.26386799018736395,206,206
five_to_ten,1,window_equal,RMSE_ridge_minus_last_value,-0.4432020539694379,206,206
five_to_ten,1,window_equal,RMSE_random_forest_minus_last_value,-0.43954311249835687,206,206
five_to_ten,1,person_equal,MAE_last_value,1.6262135922330097,206,206
five_to_ten,1,person_equal,MAE_ridge,1.397084548033104,206,206
five_to_ten,1,person_equal,MAE_random_forest,1.3623456020456457,206,206
five_to_ten,1,person_equal,RMSE_last_value,2.2065656661053508,206,206
five_to_ten,1,person_equal,RMSE_ridge,1.7633636121359129,206,206
five_to_ten,1,person_equal,RMSE_random_forest,1.767022553606994,206,206
five_to_ten,1,person_equal,MAE_ridge_minus_last_value,-0.22912904419990565,206,206
five_to_ten,1,person_equal,MAE_random_forest_minus_last_value,-0.26386799018736395,206,206
five_to_ten,1,person_equal,RMSE_ridge_minus_last_value,-0.4432020539694379,206,206
five_to_ten,1,person_equal,RMSE_random_forest_minus_last_value,-0.43954311249835687,206,206
five_to_ten,2,window_equal,MAE_last_value,1.6262135922330097,206,206
five_to_ten,2,window_equal,MAE_ridge,1.4115011024200252,206,206
five_to_ten,2,window_equal,MAE_random_forest,1.4023925913676552,206,206
five_to_ten,2,window_equal,RMSE_last_value,2.2065656661053508,206,206
five_to_ten,2,window_equal,RMSE_ridge,1.7809038953305745,206,206
five_to_ten,2,window_equal,RMSE_random_forest,1.819531279091733,206,206
five_to_ten,2,window_equal,MAE_ridge_minus_last_value,-0.2147124898129844,206,206
five_to_ten,2,window_equal,MAE_random_forest_minus_last_value,-0.2238210008653545,206,206
five_to_ten,2,window_equal,RMSE_ridge_minus_last_value,-0.4256617707747763,206,206
five_to_ten,2,window_equal,RMSE_random_forest_minus_last_value,-0.3870343870136177,206,206
five_to_ten,2,person_equal,MAE_last_value,1.6262135922330097,206,206
five_to_ten,2,person_equal,MAE_ridge,1.4115011024200252,206,206
five_to_ten,2,person_equal,MAE_random_forest,1.4023925913676552,206,206
five_to_ten,2,person_equal,RMSE_last_value,2.2065656661053508,206,206
five_to_ten,2,person_equal,RMSE_ridge,1.7809038953305745,206,206
five_to_ten,2,person_equal,RMSE_random_forest,1.819531279091733,206,206
five_to_ten,2,person_equal,MAE_ridge_minus_last_value,-0.2147124898129844,206,206
five_to_ten,2,person_equal,MAE_random_forest_minus_last_value,-0.2238210008653545,206,206
five_to_ten,2,person_equal,RMSE_ridge_minus_last_value,-0.4256617707747763,206,206
five_to_ten,2,person_equal,RMSE_random_forest_minus_last_value,-0.3870343870136177,206,206
five_to_ten,3,window_equal,MAE_last_value,1.6262135922330097,206,206
five_to_ten,3,window_equal,MAE_ridge,1.3985346633748257,206,206
five_to_ten,3,window_equal,MAE_random_forest,1.3920797911704337,206,206
five_to_ten,3,window_equal,RMSE_last_value,2.2065656661053508,206,206
five_to_ten,3,window_equal,RMSE_ridge,1.7647846478315303,206,206
five_to_ten,3,window_equal,RMSE_random_forest,1.766682608931872,206,206
five_to_ten,3,window_equal,MAE_ridge_minus_last_value,-0.22767892885818397,206,206
five_to_ten,3,window_equal,MAE_random_forest_minus_last_value,-0.23413380106257597,206,206
five_to_ten,3,window_equal,RMSE_ridge_minus_last_value,-0.44178101827382044,206,206
five_to_ten,3,window_equal,RMSE_random_forest_minus_last_value,-0.43988305717347886,206,206
five_to_ten,3,person_equal,MAE_last_value,1.6262135922330097,206,206
five_to_ten,3,person_equal,MAE_ridge,1.3985346633748257,206,206
five_to_ten,3,person_equal,MAE_random_forest,1.3920797911704337,206,206
five_to_ten,3,person_equal,RMSE_last_value,2.2065656661053508,206,206
five_to_ten,3,person_equal,RMSE_ridge,1.7647846478315303,206,206
five_to_ten,3,person_equal,RMSE_random_forest,1.766682608931872,206,206
five_to_ten,3,person_equal,MAE_ridge_minus_last_value,-0.22767892885818397,206,206
five_to_ten,3,person_equal,MAE_random_forest_minus_last_value,-0.23413380106257597,206,206
five_to_ten,3,person_equal,RMSE_ridge_minus_last_value,-0.44178101827382044,206,206
five_to_ten,3,person_equal,RMSE_random_forest_minus_last_value,-0.43988305717347886,206,206
five_to_ten,4,window_equal,MAE_last_value,1.6262135922330097,206,206
five_to_ten,4,window_equal,MAE_ridge,1.3797231114130155,206,206
five_to_ten,4,window_equal,MAE_random_forest,1.3897004738638092,206,206
five_to_ten,4,window_equal,RMSE_last_value,2.2065656661053508,206,206
five_to_ten,4,window_equal,RMSE_ridge,1.742034262753579,206,206
five_to_ten,4,window_equal,RMSE_random_forest,1.7733050741095058,206,206
five_to_ten,4,window_equal,MAE_ridge_minus_last_value,-0.24649048081999414,206,206
five_to_ten,4,window_equal,MAE_random_forest_minus_last_value,-0.23651311836920041,206,206
five_to_ten,4,window_equal,RMSE_ridge_minus_last_value,-0.4645314033517718,206,206
five_to_ten,4,window_equal,RMSE_random_forest_minus_last_value,-0.433260591995845,206,206
five_to_ten,4,person_equal,MAE_last_value,1.6262135922330097,206,206
five_to_ten,4,person_equal,MAE_ridge,1.3797231114130155,206,206
five_to_ten,4,person_equal,MAE_random_forest,1.3897004738638092,206,206
five_to_ten,4,person_equal,RMSE_last_value,2.2065656661053508,206,206
five_to_ten,4,person_equal,RMSE_ridge,1.742034262753579,206,206
five_to_ten,4,person_equal,RMSE_random_forest,1.7733050741095058,206,206
five_to_ten,4,person_equal,MAE_ridge_minus_last_value,-0.24649048081999414,206,206
five_to_ten,4,person_equal,MAE_random_forest_minus_last_value,-0.23651311836920041,206,206
five_to_ten,4,person_equal,RMSE_ridge_minus_last_value,-0.4645314033517718,206,206
five_to_ten,4,person_equal,RMSE_random_forest_minus_last_value,-0.433260591995845,206,206
five_to_ten,5,window_equal,MAE_last_value,1.6262135922330097,206,206
five_to_ten,5,window_equal,MAE_ridge,1.390347165272378,206,206
five_to_ten,5,window_equal,MAE_random_forest,1.3516126770282844,206,206
five_to_ten,5,window_equal,RMSE_last_value,2.2065656661053508,206,206
five_to_ten,5,window_equal,RMSE_ridge,1.743530228174356,206,206
five_to_ten,5,window_equal,RMSE_random_forest,1.7346515303103978,206,206
five_to_ten,5,window_equal,MAE_ridge_minus_last_value,-0.23586642696063165,206,206
five_to_ten,5,window_equal,MAE_random_forest_minus_last_value,-0.2746009152047253,206,206
five_to_ten,5,window_equal,RMSE_ridge_minus_last_value,-0.46303543793099466,206,206
five_to_ten,5,window_equal,RMSE_random_forest_minus_last_value,-0.471914135794953,206,206
five_to_ten,5,person_equal,MAE_last_value,1.6262135922330097,206,206
five_to_ten,5,person_equal,MAE_ridge,1.390347165272378,206,206
five_to_ten,5,person_equal,MAE_random_forest,1.3516126770282844,206,206
five_to_ten,5,person_equal,RMSE_last_value,2.2065656661053508,206,206
five_to_ten,5,person_equal,RMSE_ridge,1.743530228174356,206,206
five_to_ten,5,person_equal,RMSE_random_forest,1.7346515303103978,206,206
five_to_ten,5,person_equal,MAE_ridge_minus_last_value,-0.23586642696063165,206,206
five_to_ten,5,person_equal,MAE_random_forest_minus_last_value,-0.2746009152047253,206,206
five_to_ten,5,person_equal,RMSE_ridge_minus_last_value,-0.46303543793099466,206,206
five_to_ten,5,person_equal,RMSE_random_forest_minus_last_value,-0.471914135794953,206,206
five_to_ten,6,window_equal,MAE_last_value,1.6262135922330097,206,206
five_to_ten,6,window_equal,MAE_ridge,1.373300950148474,206,206
five_to_ten,6,window_equal,MAE_random_forest,1.3722812833042046,206,206
five_to_ten,6,window_equal,RMSE_last_value,2.2065656661053508,206,206
five_to_ten,6,window_equal,RMSE_ridge,1.7346020316976671,206,206
five_to_ten,6,window_equal,RMSE_random_forest,1.7530853407741656,206,206
five_to_ten,6,window_equal,MAE_ridge_minus_last_value,-0.25291264208453557,206,206
five_to_ten,6,window_equal,MAE_random_forest_minus_last_value,-0.25393230892880503,206,206
five_to_ten,6,window_equal,RMSE_ridge_minus_last_value,-0.47196363440768363,206,206
five_to_ten,6,window_equal,RMSE_random_forest_minus_last_value,-0.4534803253311852,206,206
five_to_ten,6,person_equal,MAE_last_value,1.6262135922330097,206,206
five_to_ten,6,person_equal,MAE_ridge,1.373300950148474,206,206
five_to_ten,6,person_equal,MAE_random_forest,1.3722812833042046,206,206
five_to_ten,6,person_equal,RMSE_last_value,2.2065656661053508,206,206
five_to_ten,6,person_equal,RMSE_ridge,1.7346020316976671,206,206
five_to_ten,6,person_equal,RMSE_random_forest,1.7530853407741656,206,206
five_to_ten,6,person_equal,MAE_ridge_minus_last_value,-0.25291264208453557,206,206
five_to_ten,6,person_equal,MAE_random_forest_minus_last_value,-0.25393230892880503,206,206
five_to_ten,6,person_equal,RMSE_ridge_minus_last_value,-0.47196363440768363,206,206
five_to_ten,6,person_equal,RMSE_random_forest_minus_last_value,-0.4534803253311852,206,206
five_to_ten,7,window_equal,MAE_last_value,1.6262135922330097,206,206
five_to_ten,7,window_equal,MAE_ridge,1.3791394861818727,206,206
five_to_ten,7,window_equal,MAE_random_forest,1.371254429177402,206,206
five_to_ten,7,window_equal,RMSE_last_value,2.2065656661053508,206,206
five_to_ten,7,window_equal,RMSE_ridge,1.7307808423163176,206,206
five_to_ten,7,window_equal,RMSE_random_forest,1.7568416008822934,206,206
five_to_ten,7,window_equal,MAE_ridge_minus_last_value,-0.247074106051137,206,206
five_to_ten,7,window_equal,MAE_random_forest_minus_last_value,-0.2549591630556076,206,206
five_to_ten,7,window_equal,RMSE_ridge_minus_last_value,-0.4757848237890332,206,206
five_to_ten,7,window_equal,RMSE_random_forest_minus_last_value,-0.4497240652230574,206,206
five_to_ten,7,person_equal,MAE_last_value,1.6262135922330097,206,206
five_to_ten,7,person_equal,MAE_ridge,1.3791394861818727,206,206
five_to_ten,7,person_equal,MAE_random_forest,1.371254429177402,206,206
five_to_ten,7,person_equal,RMSE_last_value,2.2065656661053508,206,206
five_to_ten,7,person_equal,RMSE_ridge,1.7307808423163176,206,206
five_to_ten,7,person_equal,RMSE_random_forest,1.7568416008822934,206,206
five_to_ten,7,person_equal,MAE_ridge_minus_last_value,-0.247074106051137,206,206
five_to_ten,7,person_equal,MAE_random_forest_minus_last_value,-0.2549591630556076,206,206
five_to_ten,7,person_equal,RMSE_ridge_minus_last_value,-0.4757848237890332,206,206
five_to_ten,7,person_equal,RMSE_random_forest_minus_last_value,-0.4497240652230574,206,206
five_to_ten,8,window_equal,MAE_last_value,1.6262135922330097,206,206
five_to_ten,8,window_equal,MAE_ridge,1.3796684761580358,206,206
five_to_ten,8,window_equal,MAE_random_forest,1.3667274353531025,206,206
five_to_ten,8,window_equal,RMSE_last_value,2.2065656661053508,206,206
five_to_ten,8,window_equal,RMSE_ridge,1.7326472137034221,206,206
five_to_ten,8,window_equal,RMSE_random_forest,1.7526701992034979,206,206
five_to_ten,8,window_equal,MAE_ridge_minus_last_value,-0.24654511607497387,206,206
five_to_ten,8,window_equal,MAE_random_forest_minus_last_value,-0.25948615687990717,206,206
five_to_ten,8,window_equal,RMSE_ridge_minus_last_value,-0.47391845240192865,206,206
five_to_ten,8,window_equal,RMSE_random_forest_minus_last_value,-0.4538954669018529,206,206
five_to_ten,8,person_equal,MAE_last_value,1.6262135922330097,206,206
five_to_ten,8,person_equal,MAE_ridge,1.3796684761580358,206,206
five_to_ten,8,person_equal,MAE_random_forest,1.3667274353531025,206,206
five_to_ten,8,person_equal,RMSE_last_value,2.2065656661053508,206,206
five_to_ten,8,person_equal,RMSE_ridge,1.7326472137034221,206,206
five_to_ten,8,person_equal,RMSE_random_forest,1.7526701992034979,206,206
five_to_ten,8,person_equal,MAE_ridge_minus_last_value,-0.24654511607497387,206,206
five_to_ten,8,person_equal,MAE_random_forest_minus_last_value,-0.25948615687990717,206,206
five_to_ten,8,person_equal,RMSE_ridge_minus_last_value,-0.47391845240192865,206,206
five_to_ten,8,person_equal,RMSE_random_forest_minus_last_value,-0.4538954669018529,206,206
five_to_ten,9,window_equal,MAE_last_value,1.6262135922330097,206,206
five_to_ten,9,window_equal,MAE_ridge,1.3896448975808287,206,206
five_to_ten,9,window_equal,MAE_random_forest,1.3674852411456604,206,206
five_to_ten,9,window_equal,RMSE_last_value,2.2065656661053508,206,206
five_to_ten,9,window_equal,RMSE_ridge,1.7437868770620446,206,206
five_to_ten,9,window_equal,RMSE_random_forest,1.7690492003356069,206,206
five_to_ten,9,window_equal,MAE_ridge_minus_last_value,-0.236568694652181,206,206
five_to_ten,9,window_equal,MAE_random_forest_minus_last_value,-0.25872835108734926,206,206
five_to_ten,9,window_equal,RMSE_ridge_minus_last_value,-0.46277878904330616,206,206
five_to_ten,9,window_equal,RMSE_random_forest_minus_last_value,-0.4375164657697439,206,206
five_to_ten,9,person_equal,MAE_last_value,1.6262135922330097,206,206
five_to_ten,9,person_equal,MAE_ridge,1.3896448975808287,206,206
five_to_ten,9,person_equal,MAE_random_forest,1.3674852411456604,206,206
five_to_ten,9,person_equal,RMSE_last_value,2.2065656661053508,206,206
five_to_ten,9,person_equal,RMSE_ridge,1.7437868770620446,206,206
five_to_ten,9,person_equal,RMSE_random_forest,1.7690492003356069,206,206
five_to_ten,9,person_equal,MAE_ridge_minus_last_value,-0.236568694652181,206,206
five_to_ten,9,person_equal,MAE_random_forest_minus_last_value,-0.25872835108734926,206,206
five_to_ten,9,person_equal,RMSE_ridge_minus_last_value,-0.46277878904330616,206,206
five_to_ten,9,person_equal,RMSE_random_forest_minus_last_value,-0.4375164657697439,206,206
five_to_ten,10,window_equal,MAE_last_value,1.6262135922330097,206,206
five_to_ten,10,window_equal,MAE_ridge,1.3706414379630316,206,206
five_to_ten,10,window_equal,MAE_random_forest,1.3406954420141566,206,206
five_to_ten,10,window_equal,RMSE_last_value,2.2065656661053508,206,206
five_to_ten,10,window_equal,RMSE_ridge,1.7251602035015745,206,206
five_to_ten,10,window_equal,RMSE_random_forest,1.6997104828163083,206,206
five_to_ten,10,window_equal,MAE_ridge_minus_last_value,-0.25557215426997804,206,206
five_to_ten,10,window_equal,MAE_random_forest_minus_last_value,-0.2855181502188531,206,206
five_to_ten,10,window_equal,RMSE_ridge_minus_last_value,-0.48140546260377626,206,206
five_to_ten,10,window_equal,RMSE_random_forest_minus_last_value,-0.5068551832890424,206,206
five_to_ten,10,person_equal,MAE_last_value,1.6262135922330097,206,206
five_to_ten,10,person_equal,MAE_ridge,1.3706414379630316,206,206
five_to_ten,10,person_equal,MAE_random_forest,1.3406954420141566,206,206
five_to_ten,10,person_equal,RMSE_last_value,2.2065656661053508,206,206
five_to_ten,10,person_equal,RMSE_ridge,1.7251602035015745,206,206
five_to_ten,10,person_equal,RMSE_random_forest,1.6997104828163083,206,206
five_to_ten,10,person_equal,MAE_ridge_minus_last_value,-0.25557215426997804,206,206
five_to_ten,10,person_equal,MAE_random_forest_minus_last_value,-0.2855181502188531,206,206
five_to_ten,10,person_equal,RMSE_ridge_minus_last_value,-0.48140546260377626,206,206
five_to_ten,10,person_equal,RMSE_random_forest_minus_last_value,-0.5068551832890424,206,206
five_to_ten,11,window_equal,MAE_last_value,1.6262135922330097,206,206
five_to_ten,11,window_equal,MAE_ridge,1.373007301053462,206,206
five_to_ten,11,window_equal,MAE_random_forest,1.371541675434742,206,206
five_to_ten,11,window_equal,RMSE_last_value,2.2065656661053508,206,206
five_to_ten,11,window_equal,RMSE_ridge,1.7099190493534335,206,206
five_to_ten,11,window_equal,RMSE_random_forest,1.7327397013007715,206,206
five_to_ten,11,window_equal,MAE_ridge_minus_last_value,-0.2532062911795476,206,206
five_to_ten,11,window_equal,MAE_random_forest_minus_last_value,-0.2546719167982676,206,206
five_to_ten,11,window_equal,RMSE_ridge_minus_last_value,-0.49664661675191724,206,206
five_to_ten,11,window_equal,RMSE_random_forest_minus_last_value,-0.4738259648045793,206,206
five_to_ten,11,person_equal,MAE_last_value,1.6262135922330097,206,206
five_to_ten,11,person_equal,MAE_ridge,1.373007301053462,206,206
five_to_ten,11,person_equal,MAE_random_forest,1.371541675434742,206,206
five_to_ten,11,person_equal,RMSE_last_value,2.2065656661053508,206,206
five_to_ten,11,person_equal,RMSE_ridge,1.7099190493534335,206,206
five_to_ten,11,person_equal,RMSE_random_forest,1.7327397013007715,206,206
five_to_ten,11,person_equal,MAE_ridge_minus_last_value,-0.2532062911795476,206,206
five_to_ten,11,person_equal,MAE_random_forest_minus_last_value,-0.2546719167982676,206,206
five_to_ten,11,person_equal,RMSE_ridge_minus_last_value,-0.49664661675191724,206,206
five_to_ten,11,person_equal,RMSE_random_forest_minus_last_value,-0.4738259648045793,206,206
five_to_ten,12,window_equal,MAE_last_value,1.6262135922330097,206,206
five_to_ten,12,window_equal,MAE_ridge,1.4072527742870806,206,206
five_to_ten,12,window_equal,MAE_random_forest,1.3835414955278365,206,206
five_to_ten,12,window_equal,RMSE_last_value,2.2065656661053508,206,206
five_to_ten,12,window_equal,RMSE_ridge,1.7798022563559608,206,206
five_to_ten,12,window_equal,RMSE_random_forest,1.7706533470157406,206,206
five_to_ten,12,window_equal,MAE_ridge_minus_last_value,-0.21896081794592903,206,206
five_to_ten,12,window_equal,MAE_random_forest_minus_last_value,-0.2426720967051732,206,206
five_to_ten,12,window_equal,RMSE_ridge_minus_last_value,-0.42676340974939,206,206
five_to_ten,12,window_equal,RMSE_random_forest_minus_last_value,-0.43591231908961015,206,206
five_to_ten,12,person_equal,MAE_last_value,1.6262135922330097,206,206
five_to_ten,12,person_equal,MAE_ridge,1.4072527742870806,206,206
five_to_ten,12,person_equal,MAE_random_forest,1.3835414955278365,206,206
five_to_ten,12,person_equal,RMSE_last_value,2.2065656661053508,206,206
five_to_ten,12,person_equal,RMSE_ridge,1.7798022563559608,206,206
five_to_ten,12,person_equal,RMSE_random_forest,1.7706533470157406,206,206
five_to_ten,12,person_equal,MAE_ridge_minus_last_value,-0.21896081794592903,206,206
five_to_ten,12,person_equal,MAE_random_forest_minus_last_value,-0.2426720967051732,206,206
five_to_ten,12,person_equal,RMSE_ridge_minus_last_value,-0.42676340974939,206,206
five_to_ten,12,person_equal,RMSE_random_forest_minus_last_value,-0.43591231908961015,206,206
five_to_ten,13,window_equal,MAE_last_value,1.6262135922330097,206,206
five_to_ten,13,window_equal,MAE_ridge,1.3888981409232064,206,206
five_to_ten,13,window_equal,MAE_random_forest,1.3734278568926594,206,206
five_to_ten,13,window_equal,RMSE_last_value,2.2065656661053508,206,206
five_to_ten,13,window_equal,RMSE_ridge,1.7283883034325964,206,206
five_to_ten,13,window_equal,RMSE_random_forest,1.7387147438512878,206,206
five_to_ten,13,window_equal,MAE_ridge_minus_last_value,-0.23731545130980325,206,206
five_to_ten,13,window_equal,MAE_random_forest_minus_last_value,-0.2527857353403502,206,206
five_to_ten,13,window_equal,RMSE_ridge_minus_last_value,-0.47817736267275435,206,206
five_to_ten,13,window_equal,RMSE_random_forest_minus_last_value,-0.467850922254063,206,206
five_to_ten,13,person_equal,MAE_last_value,1.6262135922330097,206,206
five_to_ten,13,person_equal,MAE_ridge,1.3888981409232064,206,206
five_to_ten,13,person_equal,MAE_random_forest,1.3734278568926594,206,206
five_to_ten,13,person_equal,RMSE_last_value,2.2065656661053508,206,206
five_to_ten,13,person_equal,RMSE_ridge,1.7283883034325964,206,206
five_to_ten,13,person_equal,RMSE_random_forest,1.7387147438512878,206,206
five_to_ten,13,person_equal,MAE_ridge_minus_last_value,-0.23731545130980325,206,206
five_to_ten,13,person_equal,MAE_random_forest_minus_last_value,-0.2527857353403502,206,206
five_to_ten,13,person_equal,RMSE_ridge_minus_last_value,-0.47817736267275435,206,206
five_to_ten,13,person_equal,RMSE_random_forest_minus_last_value,-0.467850922254063,206,206
five_to_ten,14,window_equal,MAE_last_value,1.6262135922330097,206,206
five_to_ten,14,window_equal,MAE_ridge,1.4007842605068352,206,206
five_to_ten,14,window_equal,MAE_random_forest,1.394242034607619,206,206
five_to_ten,14,window_equal,RMSE_last_value,2.2065656661053508,206,206
five_to_ten,14,window_equal,RMSE_ridge,1.7636642875548187,206,206
five_to_ten,14,window_equal,RMSE_random_forest,1.80446177995585,206,206
five_to_ten,14,window_equal,MAE_ridge_minus_last_value,-0.2254293317261744,206,206
five_to_ten,14,window_equal,MAE_random_forest_minus_last_value,-0.23197155762539068,206,206
five_to_ten,14,window_equal,RMSE_ridge_minus_last_value,-0.442901378550532,206,206
five_to_ten,14,window_equal,RMSE_random_forest_minus_last_value,-0.40210388614950077,206,206
five_to_ten,14,person_equal,MAE_last_value,1.6262135922330097,206,206
five_to_ten,14,person_equal,MAE_ridge,1.4007842605068352,206,206
five_to_ten,14,person_equal,MAE_random_forest,1.394242034607619,206,206
five_to_ten,14,person_equal,RMSE_last_value,2.2065656661053508,206,206
five_to_ten,14,person_equal,RMSE_ridge,1.7636642875548187,206,206
five_to_ten,14,person_equal,RMSE_random_forest,1.80446177995585,206,206
five_to_ten,14,person_equal,MAE_ridge_minus_last_value,-0.2254293317261744,206,206
five_to_ten,14,person_equal,MAE_random_forest_minus_last_value,-0.23197155762539068,206,206
five_to_ten,14,person_equal,RMSE_ridge_minus_last_value,-0.442901378550532,206,206
five_to_ten,14,person_equal,RMSE_random_forest_minus_last_value,-0.40210388614950077,206,206
five_to_ten,15,window_equal,MAE_last_value,1.6262135922330097,206,206
five_to_ten,15,window_equal,MAE_ridge,1.4055538375568093,206,206
five_to_ten,15,window_equal,MAE_random_forest,1.3800597983903462,206,206
five_to_ten,15,window_equal,RMSE_last_value,2.2065656661053508,206,206
five_to_ten,15,window_equal,RMSE_ridge,1.76466580916648,206,206
five_to_ten,15,window_equal,RMSE_random_forest,1.755629928094907,206,206
five_to_ten,15,window_equal,MAE_ridge_minus_last_value,-0.22065975467620036,206,206
five_to_ten,15,window_equal,MAE_random_forest_minus_last_value,-0.24615379384266345,206,206
five_to_ten,15,window_equal,RMSE_ridge_minus_last_value,-0.4418998569388708,206,206
five_to_ten,15,window_equal,RMSE_random_forest_minus_last_value,-0.45093573801044373,206,206
five_to_ten,15,person_equal,MAE_last_value,1.6262135922330097,206,206
five_to_ten,15,person_equal,MAE_ridge,1.4055538375568093,206,206
five_to_ten,15,person_equal,MAE_random_forest,1.3800597983903462,206,206
five_to_ten,15,person_equal,RMSE_last_value,2.2065656661053508,206,206
five_to_ten,15,person_equal,RMSE_ridge,1.76466580916648,206,206
five_to_ten,15,person_equal,RMSE_random_forest,1.755629928094907,206,206
five_to_ten,15,person_equal,MAE_ridge_minus_last_value,-0.22065975467620036,206,206
five_to_ten,15,person_equal,MAE_random_forest_minus_last_value,-0.24615379384266345,206,206
five_to_ten,15,person_equal,RMSE_ridge_minus_last_value,-0.4418998569388708,206,206
five_to_ten,15,person_equal,RMSE_random_forest_minus_last_value,-0.45093573801044373,206,206
five_to_ten,16,window_equal,MAE_last_value,1.6262135922330097,206,206
five_to_ten,16,window_equal,MAE_ridge,1.3981780836945608,206,206
five_to_ten,16,window_equal,MAE_random_forest,1.3621373405177961,206,206
five_to_ten,16,window_equal,RMSE_last_value,2.2065656661053508,206,206
five_to_ten,16,window_equal,RMSE_ridge,1.7550501208419542,206,206
five_to_ten,16,window_equal,RMSE_random_forest,1.7234593225318298,206,206
five_to_ten,16,window_equal,MAE_ridge_minus_last_value,-0.2280355085384489,206,206
five_to_ten,16,window_equal,MAE_random_forest_minus_last_value,-0.26407625171521354,206,206
five_to_ten,16,window_equal,RMSE_ridge_minus_last_value,-0.45151554526339654,206,206
five_to_ten,16,window_equal,RMSE_random_forest_minus_last_value,-0.483106343573521,206,206
five_to_ten,16,person_equal,MAE_last_value,1.6262135922330097,206,206
five_to_ten,16,person_equal,MAE_ridge,1.3981780836945608,206,206
five_to_ten,16,person_equal,MAE_random_forest,1.3621373405177961,206,206
five_to_ten,16,person_equal,RMSE_last_value,2.2065656661053508,206,206
five_to_ten,16,person_equal,RMSE_ridge,1.7550501208419542,206,206
five_to_ten,16,person_equal,RMSE_random_forest,1.7234593225318298,206,206
five_to_ten,16,person_equal,MAE_ridge_minus_last_value,-0.2280355085384489,206,206
five_to_ten,16,person_equal,MAE_random_forest_minus_last_value,-0.26407625171521354,206,206
five_to_ten,16,person_equal,RMSE_ridge_minus_last_value,-0.45151554526339654,206,206
five_to_ten,16,person_equal,RMSE_random_forest_minus_last_value,-0.483106343573521,206,206
five_to_ten,17,window_equal,MAE_last_value,1.6262135922330097,206,206
five_to_ten,17,window_equal,MAE_ridge,1.3707735866960729,206,206
five_to_ten,17,window_equal,MAE_random_forest,1.3766164694892045,206,206
five_to_ten,17,window_equal,RMSE_last_value,2.2065656661053508,206,206
five_to_ten,17,window_equal,RMSE_ridge,1.7171793622843092,206,206
five_to_ten,17,window_equal,RMSE_random_forest,1.763403821323927,206,206
five_to_ten,17,window_equal,MAE_ridge_minus_last_value,-0.2554400055369368,206,206
five_to_ten,17,window_equal,MAE_random_forest_minus_last_value,-0.2495971227438052,206,206
five_to_ten,17,window_equal,RMSE_ridge_minus_last_value,-0.48938630382104154,206,206
five_to_ten,17,window_equal,RMSE_random_forest_minus_last_value,-0.44316184478142384,206,206
five_to_ten,17,person_equal,MAE_last_value,1.6262135922330097,206,206
five_to_ten,17,person_equal,MAE_ridge,1.3707735866960729,206,206
five_to_ten,17,person_equal,MAE_random_forest,1.3766164694892045,206,206
five_to_ten,17,person_equal,RMSE_last_value,2.2065656661053508,206,206
five_to_ten,17,person_equal,RMSE_ridge,1.7171793622843092,206,206
five_to_ten,17,person_equal,RMSE_random_forest,1.763403821323927,206,206
five_to_ten,17,person_equal,MAE_ridge_minus_last_value,-0.2554400055369368,206,206
five_to_ten,17,person_equal,MAE_random_forest_minus_last_value,-0.2495971227438052,206,206
five_to_ten,17,person_equal,RMSE_ridge_minus_last_value,-0.48938630382104154,206,206
five_to_ten,17,person_equal,RMSE_random_forest_minus_last_value,-0.44316184478142384,206,206
five_to_ten,18,window_equal,MAE_last_value,1.6262135922330097,206,206
five_to_ten,18,window_equal,MAE_ridge,1.382987969687458,206,206
five_to_ten,18,window_equal,MAE_random_forest,1.4433129495719992,206,206
five_to_ten,18,window_equal,RMSE_last_value,2.2065656661053508,206,206
five_to_ten,18,window_equal,RMSE_ridge,1.7621378864326087,206,206
five_to_ten,18,window_equal,RMSE_random_forest,1.846446349717342,206,206
five_to_ten,18,window_equal,MAE_ridge_minus_last_value,-0.24322562254555158,206,206
five_to_ten,18,window_equal,MAE_random_forest_minus_last_value,-0.18290064266101047,206,206
five_to_ten,18,window_equal,RMSE_ridge_minus_last_value,-0.44442777967274205,206,206
five_to_ten,18,window_equal,RMSE_random_forest_minus_last_value,-0.36011931638800876,206,206
five_to_ten,18,person_equal,MAE_last_value,1.6262135922330097,206,206
five_to_ten,18,person_equal,MAE_ridge,1.382987969687458,206,206
five_to_ten,18,person_equal,MAE_random_forest,1.4433129495719992,206,206
five_to_ten,18,person_equal,RMSE_last_value,2.2065656661053508,206,206
five_to_ten,18,person_equal,RMSE_ridge,1.7621378864326087,206,206
five_to_ten,18,person_equal,RMSE_random_forest,1.846446349717342,206,206
five_to_ten,18,person_equal,MAE_ridge_minus_last_value,-0.24322562254555158,206,206
five_to_ten,18,person_equal,MAE_random_forest_minus_last_value,-0.18290064266101047,206,206
five_to_ten,18,person_equal,RMSE_ridge_minus_last_value,-0.44442777967274205,206,206
five_to_ten,18,person_equal,RMSE_random_forest_minus_last_value,-0.36011931638800876,206,206
five_to_ten,19,window_equal,MAE_last_value,1.6262135922330097,206,206
five_to_ten,19,window_equal,MAE_ridge,1.4068384573892816,206,206
five_to_ten,19,window_equal,MAE_random_forest,1.3681079693585847,206,206
five_to_ten,19,window_equal,RMSE_last_value,2.2065656661053508,206,206
five_to_ten,19,window_equal,RMSE_ridge,1.7657876306057982,206,206
five_to_ten,19,window_equal,RMSE_random_forest,1.7672816778157812,206,206
five_to_ten,19,window_equal,MAE_ridge_minus_last_value,-0.21937513484372806,206,206
five_to_ten,19,window_equal,MAE_random_forest_minus_last_value,-0.25810562287442496,206,206
five_to_ten,19,window_equal,RMSE_ridge_minus_last_value,-0.4407780354995525,206,206
five_to_ten,19,window_equal,RMSE_random_forest_minus_last_value,-0.4392839882895696,206,206
five_to_ten,19,person_equal,MAE_last_value,1.6262135922330097,206,206
five_to_ten,19,person_equal,MAE_ridge,1.4068384573892816,206,206
five_to_ten,19,person_equal,MAE_random_forest,1.3681079693585847,206,206
five_to_ten,19,person_equal,RMSE_last_value,2.2065656661053508,206,206
five_to_ten,19,person_equal,RMSE_ridge,1.7657876306057982,206,206
five_to_ten,19,person_equal,RMSE_random_forest,1.7672816778157812,206,206
five_to_ten,19,person_equal,MAE_ridge_minus_last_value,-0.21937513484372806,206,206
five_to_ten,19,person_equal,MAE_random_forest_minus_last_value,-0.25810562287442496,206,206
five_to_ten,19,person_equal,RMSE_ridge_minus_last_value,-0.4407780354995525,206,206
five_to_ten,19,person_equal,RMSE_random_forest_minus_last_value,-0.4392839882895696,206,206
