n,ref,parsed_title,matched_title,similarity,doi,year,container,url
1,"Sperber AD, Bangdiwala SI, Drossman DA, et al. Worldwide prevalence and burden of functional gastrointestinal disorders, results of Rome Foundation global study. Gastroenterology. 2021;160(1):99–114.","Worldwide prevalence and burden of functional gastrointestinal disorders, results of Rome Foundation global study","Worldwide Prevalence and Burden of Functional Gastrointestinal Disorders, Results of Rome Foundation Global Study",1.0,10.1053/j.gastro.2020.04.014,2021,Gastroenterology,https://doi.org/10.1053/j.gastro.2020.04.014
2,"Ford AC, Sperber AD, Corsetti M, Camilleri M. Irritable bowel syndrome. Lancet. 2020;396(10263):1675–1688.",Irritable bowel syndrome,Irritable Bowel Syndrome,1.0,10.1007/978-3-031-42076-4_29,2023,Pocket Guide to Advanced Endoscopy in Gastroenterology,https://doi.org/10.1007/978-3-031-42076-4_29
3,"Cervero F, Laird JMA. Visceral pain. Lancet. 1999;353(9170):2145–2148.",Visceral pain,Visceral Pain,1.0,10.1007/978-981-99-9167-9,2024,,https://doi.org/10.1007/978-981-99-9167-9
4,"Sikandar S, Dickenson AH. Visceral pain: the ins and outs, the ups and downs. Curr Opin Support Palliat Care. 2012;6(1):17–26.","Visceral pain: the ins and outs, the ups and downs","Differential Diagnosis—Ins, Outs, Ups, and Downs",0.667,10.1201/9781003526681-7,2024,A Systematic Approach to Strabismus,https://doi.org/10.1201/9781003526681-7
5,"Hammer J, Vogelsang H. Characterization of sensations induced by capsaicin in the upper gastrointestinal tract. Neurogastroenterol Motil. 2007;19(4):279–287.",Characterization of sensations induced by capsaicin in the upper gastrointestinal tract,Characterization of sensations induced by capsaicin in the upper gastrointestinal tract,1.0,10.1111/j.1365-2982.2007.00900.x,2007,Neurogastroenterology &amp; Motility,https://doi.org/10.1111/j.1365-2982.2007.00900.x
6,"Bortolotti M, Porta S. Effect of red pepper on symptoms of irritable bowel syndrome: preliminary study. Dig Dis Sci. 2011;56(11):3288–3295.",Effect of red pepper on symptoms of irritable bowel syndrome: preliminary study,Effect of Red Pepper on Symptoms of Irritable Bowel Syndrome: Preliminary Study,1.0,10.1007/s10620-011-1740-9,2011,Digestive Diseases and Sciences,https://doi.org/10.1007/s10620-011-1740-9
7,"Caterina MJ, Schumacher MA, Tominaga M, et al. The capsaicin receptor: a heat-activated ion channel in the pain pathway. Nature. 1997;389(6653):816–824.",The capsaicin receptor: a heat-activated ion channel in the pain pathway,The capsaicin receptor: a heat-activated ion channel in the pain pathway,1.0,10.1038/39807,1997,Nature,https://doi.org/10.1038/39807
8,Holzer P. TRPV1 and the gut: from a tasty receptor for a painful vanilloid to a key player in hyperalgesia. Eur J Pharmacol. 2004;500(1-3):231–241.,TRPV1 and the gut: from a tasty receptor for a painful vanilloid to a key player in hyperalgesia,TRPV1 and the gut: from a tasty receptor for a painful vanilloid to a key player in hyperalgesia,1.0,10.1016/j.ejphar.2004.07.028,2004,European Journal of Pharmacology,https://doi.org/10.1016/j.ejphar.2004.07.028
9,"Szallasi A, Blumberg PM. Vanilloid (capsaicin) receptors and mechanisms. Pharmacol Rev. 1999;51(2):159–212.",Vanilloid (capsaicin) receptors and mechanisms,Vanilloid (Capsaicin) Receptors and Mechanisms,1.0,10.1016/s0031-6997(24)01403-0,1999,Pharmacological Reviews,https://doi.org/10.1016/s0031-6997(24)01403-0
10,"Brederson JD, Kym PR, Szallasi A. Targeting TRP channels for pain relief. Eur J Pharmacol. 2013;716(1-3):61–76.",Targeting TRP channels for pain relief,Targeting TRP channels for pain relief,1.0,10.1016/j.ejphar.2013.03.003,2013,European Journal of Pharmacology,https://doi.org/10.1016/j.ejphar.2013.03.003
11,"Geppetti P, Nassini R, Materazzi S, Benemei S. The concept of neurogenic inflammation. BJU Int. 2008;101 Suppl 3:2–6.",The concept of neurogenic inflammation,The concept of neurogenic inflammation,1.0,10.1111/j.1464-410x.2008.07493.x,2008,BJU International,https://doi.org/10.1111/j.1464-410x.2008.07493.x
12,"Vyklický L, Nováková-Toušová I, Benedikt J, et al. Calcium-dependent desensitization of vanilloid receptor TRPV1. Physiol Res. 2008;57 Suppl 3:S115–S126.",Calcium-dependent desensitization of vanilloid receptor TRPV1,Characterization of chronic desensitization of vanilloid receptor (TRPV1) in the rat,0.699,10.1096/fasebj.26.1_supplement.1048.15,2012,The FASEB Journal,https://doi.org/10.1096/fasebj.26.1_supplement.1048.15
13,"Singh Tahim A, Santha P, Nagy I. Inflammatory mediators convert anandamide into a potent activator of the vanilloid type 1 transient receptor potential receptor. Neuroscience. 2005;136(2):539–548.",Inflammatory mediators convert anandamide into a potent activator of the vanilloid type 1 transient receptor potential receptor,Inflammatory mediators convert anandamide into a potent activator of the vanilloid type 1 transient receptor potential receptor in nociceptive primary sensory neurons,0.867,10.1016/j.neuroscience.2005.08.005,2005,Neuroscience,https://doi.org/10.1016/j.neuroscience.2005.08.005
14,Hammer J. Characterization of a reproducible gastric pain model using oral capsaicin titration in healthy volunteers. Neurogastroenterol Motil. 2011;23(9):e399–e406.,Characterization of a reproducible gastric pain model using oral capsaicin titration in healthy volunteers,Characterization of a reproducible gastric pain model using oral capsaicin titration in healthy volunteers,1.0,10.1111/j.1365-2982.2011.01734.x,2011,Neurogastroenterology &amp; Motility,https://doi.org/10.1111/j.1365-2982.2011.01734.x
15,"Esmaillzadeh A, Keshteli AH, Hajishafiee M, et al. Consumption of spicy foods and the prevalence of irritable bowel syndrome. World J Gastroenterol. 2013;19(38):6465–6471.",Consumption of spicy foods and the prevalence of irritable bowel syndrome,Consumption of spicy foods and the prevalence of irritable bowel syndrome,1.0,10.3748/wjg.v19.i38.6465,2013,World Journal of Gastroenterology,https://doi.org/10.3748/wjg.v19.i38.6465
16,"Reyes-Escogido ML, Gonzalez-Mondragon EG, Vazquez-Tzompantzi E. Chemical and pharmacological aspects of capsaicin. Molecules. 2011;16(2):1253–1270.",Chemical and pharmacological aspects of capsaicin,Chemical and Pharmacological Aspects of Capsaicin,1.0,10.3390/molecules16021253,2011,Molecules,https://doi.org/10.3390/molecules16021253
17,"Führer M, Hammer J. Effect of repeated, long-term capsaicin ingestion on intestinal chemo- and mechanosensation in healthy volunteers. Neurogastroenterol Motil. 2009;21(5):521.","Effect of repeated, long-term capsaicin ingestion on intestinal chemo- and mechanosensation in healthy volunteers","Effect of repeated, long term capsaicin ingestion on intestinal chemo‐ and mechanosensation in healthy volunteers",1.0,10.1111/j.1365-2982.2008.01227.x,2009,Neurogastroenterology &amp; Motility,https://doi.org/10.1111/j.1365-2982.2008.01227.x
18,"McCarty MF, DiNicolantonio JJ, O'Keefe JH. Capsaicin may have important potential for promoting vascular and metabolic health. Open Heart. 2015;2(1):e000262.",Capsaicin may have important potential for promoting vascular and metabolic health,Capsaicin may have important potential for promoting vascular and metabolic health,1.0,10.1136/openhrt-2015-000262,2015,Open Heart,https://doi.org/10.1136/openhrt-2015-000262
19,"Sharma SK, Vij AS, Sharma M. Mechanisms and clinical uses of capsaicin. Eur J Pharmacol. 2013;720(1-3):55–62.",Mechanisms and clinical uses of capsaicin,Mechanisms and clinical uses of capsaicin,1.0,10.1016/j.ejphar.2013.10.053,2013,European Journal of Pharmacology,https://doi.org/10.1016/j.ejphar.2013.10.053
20,"Akbar A, Yiangou Y, Facer P, et al. Increased capsaicin receptor TRPV1-expressing sensory fibres in irritable bowel syndrome and their correlation with abdominal pain. Gut. 2008;57(7):923–929.",Increased capsaicin receptor TRPV1-expressing sensory fibres in irritable bowel syndrome and their correlation with abdominal pain,Increased capsaicin receptor TRPV1-expressing sensory fibres in irritable bowel syndrome and their correlation with abdominal pain,1.0,10.1136/gut.2007.138982,2008,Gut,https://doi.org/10.1136/gut.2007.138982
21,"Farré R, Tack J. Food and symptom generation in functional gastrointestinal disorders: physiological aspects. Am J Gastroenterol. 2013;108(5):698–706.",Food and symptom generation in functional gastrointestinal disorders: physiological aspects,Food and Symptom Generation in Functional Gastrointestinal Disorders: Physiological Aspects,1.0,10.1038/ajg.2013.24,2013,American Journal of Gastroenterology,https://doi.org/10.1038/ajg.2013.24
22,"Feinle-Bisset C, Horowitz M. Dietary factors in functional dyspepsia. Neurogastroenterol Motil. 2006;18(8):608–618.",Dietary factors in functional dyspepsia,Dietary factors in functional dyspepsia,1.0,10.1111/j.1365-2982.2006.00790.x,2006,Neurogastroenterology &amp; Motility,https://doi.org/10.1111/j.1365-2982.2006.00790.x
23,"Burns JW, Gerhart JI, Bruehl S, et al. Temporal dynamics of pain: an application of regime-switching models to ecological momentary assessment in chronic low back pain. Pain. 2018;159(5):968–976.",Temporal dynamics of pain: an application of regime-switching models to ecological momentary assessment in chronic low back pain,Temporal dynamics of pain: an application of regime-switching models to ecological momentary assessments in patients with rheumatic diseases,0.842,10.1097/j.pain.0000000000001215,2018,Pain,https://doi.org/10.1097/j.pain.0000000000001215
24,"Fillingim RB, Loeser JD, Baron R, Edwards RR. Assessment of chronic pain: domains, methods, and mechanisms. J Pain. 2016;17(9 Suppl):T10–T20.","Assessment of chronic pain: domains, methods, and mechanisms","Assessment of Chronic Pain: Domains, Methods, and Mechanisms",1.0,10.1016/j.jpain.2015.08.010,2016,The Journal of Pain,https://doi.org/10.1016/j.jpain.2015.08.010
25,"Drossman DA. Functional gastrointestinal disorders: history, pathophysiology, clinical features and Rome IV. Gastroenterology. 2016;150(6):1262–1279.","Functional gastrointestinal disorders: history, pathophysiology, clinical features and Rome IV","Functional Gastrointestinal Disorders: History, Pathophysiology, Clinical Features, and Rome IV",1.0,10.1053/j.gastro.2016.02.032,2016,Gastroenterology,https://doi.org/10.1053/j.gastro.2016.02.032
26,"Aziz Q, Fass R, Gyawali CP, et al. Functional esophageal disorders. Gastroenterology. 2016;150(6):1368–1379.",Functional esophageal disorders,Functional Esophageal Disorders,1.0,10.1002/9781119127437.ch26,2016,Practical Gastroenterology and Hepatology Board Review Toolkit,https://doi.org/10.1002/9781119127437.ch26
27,"Bellala G, Ganesan A, Krishna R, Saxman P, Scott C, Silveira M, et al. The nested structure of cancer symptoms. Methods Inf Med. 2010;49(6):581–591.",The nested structure of cancer symptoms,The Nested Structure of Cancer Symptoms,1.0,10.3414/me09-01-0083,2010,Methods of Information in Medicine,https://doi.org/10.3414/me09-01-0083
28,"Zhu Z, Hu H, Wu B, Hu Y. Editorial: Mapping symptom networks among co-occurrence of psychological and somatic symptoms. Front Public Health. 2023;11:1210151.",Editorial: Mapping symptom networks among co-occurrence of psychological and somatic symptoms,Editorial: Mapping symptom networks among co-occurrence of psychological and somatic symptoms,1.0,10.3389/fpubh.2023.1210151,2023,Frontiers in Public Health,https://doi.org/10.3389/fpubh.2023.1210151
29,"Drossman DA, Hasler WL. Rome IV—Functional GI disorders: disorders of gut–brain interaction. Gastroenterology. 2016;150(6):1257–1261.",Rome IV—Functional GI disorders: disorders of gut–brain interaction,Rome IV—Functional GI Disorders: Disorders of Gut-Brain Interaction,1.0,10.1053/j.gastro.2016.03.035,2016,Gastroenterology,https://doi.org/10.1053/j.gastro.2016.03.035
30,"Schmulson MJ, Drossman DA. What is new in Rome IV. J Neurogastroenterol Motil. 2017;23(2):151–163.",What is new in Rome IV,What Is New in Rome IV,1.0,10.5056/jnm16214,2017,Journal of Neurogastroenterology and Motility,https://doi.org/10.5056/jnm16214
31,"Park SY, Bae H, Jeong HY, Lee JY, Kwon YK, Kim CE, et al. Identifying novel subtypes of functional gastrointestinal disorder by analyzing nonlinear structure in integrative biopsychosocial questionnaire data. J Clin Med. 2024;13(10):2821.",Identifying novel subtypes of functional gastrointestinal disorder by analyzing nonlinear structure in integrative biopsychosocial questionnaire data,Identifying Novel Subtypes of Functional Gastrointestinal Disorder by Analyzing Nonlinear Structure in Integrative Biopsychosocial Questionnaire Data,1.0,10.3390/jcm13102821,2024,Journal of Clinical Medicine,https://doi.org/10.3390/jcm13102821
32,"Mayer EA, Labus JS, Tillisch K, et al. Towards a systems view of IBS. Nat Rev Gastroenterol Hepatol. 2015;12(10):592–605.",Towards a systems view of IBS,Towards a systems view of IBS,1.0,10.1038/nrgastro.2015.121,2015,Nature Reviews Gastroenterology &amp; Hepatology,https://doi.org/10.1038/nrgastro.2015.121
33,"Farmer AD, Aziz Q. Visceral pain hypersensitivity in functional gastrointestinal disorders. Br Med Bull. 2009;91(1):123–136.",Visceral pain hypersensitivity in functional gastrointestinal disorders,Visceral pain hypersensitivity in functional gastrointestinal disorders,1.0,10.1093/bmb/ldp026,2009,British Medical Bulletin,https://doi.org/10.1093/bmb/ldp026
34,"Dunckley P, Wise RG, Fairhurst M, Hobden P, Aziz Q, Chang L, et al. A comparison of visceral and somatic pain processing in the human brainstem using functional magnetic resonance imaging. J Neurosci. 2005;25(32):7333–7341.",A comparison of visceral and somatic pain processing in the human brainstem using functional magnetic resonance imaging,A Comparison of Visceral and Somatic Pain Processing in the Human Brainstem Using Functional Magnetic Resonance Imaging,1.0,10.1523/jneurosci.1100-05.2005,2005,The Journal of Neuroscience,https://doi.org/10.1523/jneurosci.1100-05.2005
35,"Vermeulen W, De Man JG, Pelckmans PA, De Winter BY. Neuroanatomy of lower gastrointestinal pain disorders. World J Gastroenterol. 2014;20(4):1005–1020.",Neuroanatomy of lower gastrointestinal pain disorders,Neuroanatomy of lower gastrointestinal pain disorders,1.0,10.3748/wjg.v20.i4.1005,2014,World Journal of Gastroenterology,https://doi.org/10.3748/wjg.v20.i4.1005
36,"Petitjean F, Ketterlin A, Gançarski P. A global averaging method for dynamic time warping, with applications to clustering. Pattern Recognit. 2011;44(3):678–693.","A global averaging method for dynamic time warping, with applications to clustering","A global averaging method for dynamic time warping, with applications to clustering",1.0,10.1016/j.patcog.2010.09.013,2011,Pattern Recognition,https://doi.org/10.1016/j.patcog.2010.09.013
37,Sardá-Espinosa A. Time-series clustering in R using the dtwclust package. R J. 2019;11(1):22–38.,Time-series clustering in R using the dtwclust package,Time-Series Clustering in R Using the dtwclust Package,1.0,10.32614/rj-2019-023,2019,The R Journal,https://doi.org/10.32614/rj-2019-023
38,"Berndt DJ, Clifford J. Using dynamic time warping to find patterns in time series. KDD Workshop. 1994;10(16):359–370.",Using dynamic time warping to find patterns in time series,Dynamic Time Warping of Segmented Time Series,0.738,10.1007/978-3-642-11282-9_13,2010,Advances in Intelligent and Soft Computing,https://doi.org/10.1007/978-3-642-11282-9_13
39,"Gharghabi S, Imani S, Bagnall A, et al. An ultra-fast time series distance measure to allow data mining in more complex real-world deployments. Data Min Knowl Disc. 2020;34(4):1104–1135.",An ultra-fast time series distance measure to allow data mining in more complex real-world deployments,An ultra-fast time series distance measure to allow data mining in more complex real-world deployments,1.0,10.1007/s10618-020-00695-8,2020,Data Mining and Knowledge Discovery,https://doi.org/10.1007/s10618-020-00695-8
40,"Che Z, Purushotham S, Cho K, et al. Recurrent neural networks for multivariate time series with missing values. Sci Rep. 2018;8(1):6085.",Recurrent neural networks for multivariate time series with missing values,Recurrent Neural Networks for Multivariate Time Series with Missing Values,1.0,10.1038/s41598-018-24271-9,2018,Scientific Reports,https://doi.org/10.1038/s41598-018-24271-9
41,"Aghabozorgi S, Shirkhorshidi AS, Wah TY. Time-series clustering—a decade review. Inf Syst. 2015;53:16–38.",Time-series clustering—a decade review,Time-series clustering – A decade review,1.0,10.1016/j.is.2015.04.007,2015,Information Systems,https://doi.org/10.1016/j.is.2015.04.007
42,"Lai C-P, Chung P-CJ, Tseng H-C. Incremental fuzzy C medoids clustering of time series data using dynamic time warping distance. PLoS One. 2018;13(5):e0197344.",Incremental fuzzy C medoids clustering of time series data using dynamic time warping distance,Incremental fuzzy C medoids clustering of time series data using dynamic time warping distance,1.0,10.1371/journal.pone.0197499,2018,PLOS ONE,https://doi.org/10.1371/journal.pone.0197499
43,"Soubeiga A, Antoine V, Corteval A, et al. Clustering and interpretation of time-series trajectories of chronic pain using evidential c-means. Expert Syst Appl. 2025;260:125369.",Clustering and interpretation of time-series trajectories of chronic pain using evidential c-means,Clustering and Interpretation of time-series trajectories of chronic pain using evidential c-means,1.0,10.1016/j.eswa.2024.125369,2025,Expert Systems with Applications,https://doi.org/10.1016/j.eswa.2024.125369
44,Bezdek JC. Pattern Recognition with Fuzzy Objective Function Algorithms. New York: Plenum Press; 1981.,Pattern Recognition with Fuzzy Objective Function Algorithms,Pattern Recognition with Fuzzy Objective Function Algorithms,1.0,10.1007/978-1-4757-0450-1,1981,,https://doi.org/10.1007/978-1-4757-0450-1
45,"Killick R, Fearnhead P, Eckley IA. Optimal detection of changepoints with a linear computational cost. J Am Stat Assoc. 2012;107(500):1590–1598.",Optimal detection of changepoints with a linear computational cost,Optimal Detection of Changepoints With a Linear Computational Cost,1.0,10.1080/01621459.2012.737745,2012,Journal of the American Statistical Association,https://doi.org/10.1080/01621459.2012.737745
46,"Ye L, Keogh E. Time series shapelets: a new primitive for data mining. Proceedings of the 15th ACM SIGKDD International Conference on Knowledge Discovery and Data Mining. 2009:947–956.",Time series shapelets: a new primitive for data mining,Introducing time series chains: a new primitive for time series data mining,0.74,10.1007/s10115-018-1224-8,2019,Knowledge and Information Systems,https://doi.org/10.1007/s10115-018-1224-8
47,"Zhou X, Menche J, Barabási AL, Sharma A. Human symptoms–disease network. Nat Commun. 2014;5:4212.",Human symptoms–disease network,Human symptoms–disease network,1.0,10.1038/ncomms5212,2014,Nature Communications,https://doi.org/10.1038/ncomms5212
48,"Hidalgo CA, Blumm N, Barabási AL, Christakis NA. A dynamic network approach for the study of human phenotypes. PLoS Comput Biol. 2009;5(4):e1000353.",A dynamic network approach for the study of human phenotypes,A Dynamic Network Approach for the Study of Human Phenotypes,1.0,10.1371/journal.pcbi.1000353,2009,PLoS Computational Biology,https://doi.org/10.1371/journal.pcbi.1000353
49,"Goh KI, Cusick ME, Valle D, et al. The human disease network. Proc Natl Acad Sci USA. 2007;104(21):8685–8690.",The human disease network,The human disease network,1.0,10.4161/sysb.22816,2013,Systems Biomedicine,https://doi.org/10.4161/sysb.22816
50,"Sperber AD, Bangdiwala SI, Drossman DA, et al. The Rome Foundation Global Epidemiology Study: conception, implementation, results, and future potential. Neurogastroenterol Motil. 2023;35(8):e14567.","The Rome Foundation Global Epidemiology Study: conception, implementation, results, and future potential","The Rome Foundation Global Epidemiology study: Conception, implementation, results, and future potential",1.0,10.1111/nmo.14567,2023,Neurogastroenterology &amp; Motility,https://doi.org/10.1111/nmo.14567
51,"Black CJ, Ford AC. Global burden of irritable bowel syndrome: trends, predictions and risk factors. Nat Rev Gastroenterol Hepatol. 2020;17(8):473–486.","Global burden of irritable bowel syndrome: trends, predictions and risk factors","Global burden of irritable bowel syndrome: trends, predictions and risk factors",1.0,10.1038/s41575-020-0286-8,2020,Nature Reviews Gastroenterology &amp; Hepatology,https://doi.org/10.1038/s41575-020-0286-8
52,"Schmulson MJ, Drossman DA. What is new in Rome IV. J Neurogastroenterol Motil. 2017;23(2):151–163.",What is new in Rome IV,What Is New in Rome IV,1.0,10.5056/jnm16214,2017,Journal of Neurogastroenterology and Motility,https://doi.org/10.5056/jnm16214
53,"Lacy BE, Mearin F, Chang L, Chey WD, Lembo AJ, Simren M, et al. Bowel disorders. Gastroenterology. 2016;150(6):1393–1407.e5.",Bowel disorders,Bowel Disorders,1.0,10.1007/978-3-540-29678-2_704,2008,Encyclopedia of Neuroscience,https://doi.org/10.1007/978-3-540-29678-2_704
54,"Lee CH, Yoon H-J. Medical big data: promise and challenges. Kidney Res Clin Pract. 2017;36(1):3–11.",Medical big data: promise and challenges,Medical big data: promise and challenges,1.0,10.23876/j.krcp.2017.36.1.3,2017,Kidney Research and Clinical Practice,https://doi.org/10.23876/j.krcp.2017.36.1.3
55,"Buchlak QD, Esmaili N, Leveque JC, et al. Machine learning-based prediction of clinical pain using multimodal neuroimaging and autonomic metrics. Pain Rep. 2019;4(1):e698.",Machine learning-based prediction of clinical pain using multimodal neuroimaging and autonomic metrics,Machine learning–based prediction of clinical pain using multimodal neuroimaging and autonomic metrics,1.0,10.1097/j.pain.0000000000001417,2019,Pain,https://doi.org/10.1097/j.pain.0000000000001417
56,"Saeb S, Lonini L, Jayaraman A, et al. The need to approximate the use-case in clinical machine learning. Gigascience. 2017;6(5):1–9.",The need to approximate the use-case in clinical machine learning,The need to approximate the use-case in clinical machine learning,1.0,10.1093/gigascience/gix019,2017,GigaScience,https://doi.org/10.1093/gigascience/gix019
